-- phpMyAdmin SQL Dump
-- version 4.7.4
-- https://www.phpmyadmin.net/
--
-- Host: 127.0.0.1
-- Generation Time: Nov 24, 2017 at 01:56 PM
-- Server version: 10.1.26-MariaDB
-- PHP Version: 7.1.9

SET SQL_MODE = "NO_AUTO_VALUE_ON_ZERO";
SET AUTOCOMMIT = 0;
START TRANSACTION;
SET time_zone = "+00:00";


/*!40101 SET @OLD_CHARACTER_SET_CLIENT=@@CHARACTER_SET_CLIENT */;
/*!40101 SET @OLD_CHARACTER_SET_RESULTS=@@CHARACTER_SET_RESULTS */;
/*!40101 SET @OLD_COLLATION_CONNECTION=@@COLLATION_CONNECTION */;
/*!40101 SET NAMES utf8mb4 */;

--
-- Database: `graafschapgames`
--

-- --------------------------------------------------------

--
-- Table structure for table `customers`
--

CREATE TABLE `customers` (
  `customerNumber` int(11) NOT NULL,
  `LastName` varchar(50) NOT NULL,
  `FirstName` varchar(50) NOT NULL,
  `gender` varchar(1) NOT NULL,
  `phone` varchar(50) NOT NULL,
  `addressLine1` varchar(50) NOT NULL,
  `city` varchar(50) NOT NULL,
  `state` varchar(50) DEFAULT NULL,
  `postalCode` varchar(15) DEFAULT NULL,
  `country` varchar(50) NOT NULL,
  `salesRepEmployeeNumber` int(11) DEFAULT NULL,
  `creditLimit` decimal(10,2) DEFAULT NULL
) ENGINE=InnoDB DEFAULT CHARSET=latin1;

--
-- Dumping data for table `customers`
--

INSERT INTO `customers` (`customerNumber`, `LastName`, `FirstName`, `gender`, `phone`, `addressLine1`, `city`, `state`, `postalCode`, `country`, `salesRepEmployeeNumber`, `creditLimit`) VALUES
(103, 'Schmitt', 'Carine ', 'F', '40.32.2555', '54, rue Royale', 'Nantes', NULL, '44000', 'France', 116, '21000.00'),
(112, 'King', 'Jean', 'M', '7025551838', '8489 Strong St.', 'Las Vegas', 'NV', '83030', 'USA', 108, '71800.00'),
(114, 'Ferguson', 'Peter', 'M', '03 9520 4555', '636 St Kilda Road', 'Melbourne', 'Victoria', '3004', 'Australia', 114, '117300.00'),
(119, 'Labrune', 'Janine ', 'F', '40.67.8555', '67, rue des Cinquante Otages', 'Nantes', NULL, '44000', 'France', 123, '118200.00'),
(121, 'Bergulfsen', 'Jonas ', 'M', '07-98 9555', 'Erling Skakkes gate 78', 'Stavern', NULL, '4110', 'Norway', 104, '81700.00'),
(124, 'Nelson', 'Susan', 'F', '4155551450', '5677 Strong St.', 'San Rafael', 'CA', '97562', 'USA', 117, '210500.00'),
(125, 'Piestrzeniewicz', 'Zbyszek ', 'M', '(26) 642-7555', 'ul. Filtrowa 68', 'Warszawa', NULL, '01-012', 'Poland', 104, '0.00'),
(128, 'Keitel', 'Roland', 'M', '+49 69 66 90 2555', 'Lyonerstr. 34', 'Frankfurt', NULL, '60528', 'Germany', 110, '59700.00'),
(129, 'Murphy', 'Julie', 'F', '6505555787', '5557 North Pendale Street', 'San Francisco', 'CA', '94217', 'USA', 118, '64600.00'),
(131, 'Lee', 'Kwai', 'M', '2125557818', '897 Long Airport Avenue', 'NYC', 'NY', '10022', 'USA', 113, '114900.00'),
(141, 'Freyre', 'Diego ', 'M', '(91) 555 94 44', 'C/ Moralzarzal, 86', 'Madrid', NULL, '28034', 'Spain', 112, '227600.00'),
(144, 'Berglund', 'Christina ', 'F', '0921-12 3555', 'Berguvsvägen  8', 'Luleå', NULL, 'S-958 22', 'Sweden', 117, '53100.00'),
(145, 'Petersen', 'Jytte ', 'F', '31 12 3555', 'Vinbæltet 34', 'Kobenhavn', NULL, '1734', 'Denmark', 102, '83400.00'),
(146, 'Saveley', 'Mary ', 'F', '78.32.5555', '2, rue du Commerce', 'Lyon', NULL, '69004', 'France', 103, '123900.00'),
(148, 'Natividad', 'Eric', 'M', '+65 221 7555', 'Bronz Sok.', 'Singapore', NULL, '079903', 'Singapore', 106, '103800.00'),
(151, 'Young', 'Jeff', 'M', '2125557413', '4092 Furth Circle', 'NYC', 'NY', '10022', 'USA', 120, '138500.00'),
(157, 'Leong', 'Kelvin', 'M', '2155551555', '7586 Pompton St.', 'Allentown', 'PA', '70267', 'USA', 113, '100600.00'),
(161, 'Hashimoto', 'Juri', 'M', '6505556809', '9408 Furth Circle', 'Burlingame', 'CA', '94217', 'USA', 104, '84600.00'),
(166, 'Victorino', 'Wendy', 'F', '+65 224 1555', '106 Linden Road Sandown', 'Singapore', NULL, '069045', 'Singapore', 102, '97900.00'),
(167, 'Oeztan', 'Veysel', 'F', '+47 2267 3215', 'Brehmen St. 121', 'Bergen', NULL, 'N 5804', 'Norway  ', 120, '96800.00'),
(168, 'Franco', 'Keith', 'M', '2035557845', '149 Spinnaker Dr.', 'New Haven', 'CT', '97823', 'USA', 106, '0.00'),
(169, 'de Castro', 'Isabel ', 'F', '(1) 356-5555', 'Estrada da saúde n. 58', 'Lisboa', NULL, '1756', 'Portugal', 109, '0.00'),
(171, 'Rancé', 'Martine ', 'F', '20.16.1555', '184, chaussée de Tournai', 'Lille', NULL, '59000', 'France', 104, '82900.00'),
(172, 'Bertrand', 'Marie', 'F', '(1) 42.34.2555', '265, boulevard Charonne', 'Paris', NULL, '75012', 'France', 113, '84300.00'),
(173, 'Tseng', 'Jerry', 'M', '6175555555', '4658 Baden Av.', 'Cambridge', 'MA', '51247', 'USA', 109, '43400.00'),
(175, 'King', 'Julie', 'F', '2035552570', '25593 South Bay Ln.', 'Bridgewater', 'CT', '97562', 'USA', 105, '84300.00'),
(177, 'Kentary', 'Mory', 'M', '+81 06 6342 5555', '1-6-20 Dojima', 'Kita-ku', 'Osaka', ' 530-0003', 'Japan', 119, '81200.00'),
(181, 'Frick', 'Michael', 'M', '2125551500', '2678 Kingston Rd.', 'NYC', 'NY', '10022', 'USA', 113, '76400.00'),
(186, 'Karttunen', 'Matti', 'M', '90-224 8555', 'Keskuskatu 45', 'Helsinki', NULL, '21240', 'Finland', 105, '96500.00'),
(187, 'Ashworth', 'Rachel', 'D', '(171) 555-1555', 'Fauntleroy Circus', 'Manchester', NULL, 'EC2 5NT', 'UK', 109, '136800.00'),
(189, 'Cassidy', 'Dean', 'M', '+353 1862 1555', '25 Maiden Lane', 'Dublin', NULL, '2', 'Ireland', 104, '69400.00'),
(198, 'Taylor', 'Leslie', 'M', '6175558428', '16780 Pompton St.', 'Brickhaven', 'MA', '58339', 'USA', 113, '23000.00'),
(201, 'Devon', 'Elizabeth', 'F', '(171) 555-2282', '12, Berkeley Gardens Blvd', 'Liverpool', NULL, 'WX1 6LT', 'UK', 109, '92700.00'),
(202, 'Tamuri', 'Yoshi ', 'M', '(604) 555-3392', '1900 Oak St.', 'Vancouver', 'BC', 'V3F 2K1', 'Canada', 103, '90300.00'),
(204, 'Barajas', 'Miguel', 'M', '6175557555', '7635 Spinnaker Dr.', 'Brickhaven', 'MA', '58339', 'USA', 110, '68700.00'),
(205, 'Young', 'Julie', 'F', '6265557265', '78934 Hillside Dr.', 'Pasadena', 'CA', '90003', 'USA', 116, '90700.00'),
(206, 'Walker', 'Brydey', 'M', '+612 9411 1555', 'Suntec Tower Three', 'Singapore', NULL, '038988', 'Singapore', 107, '0.00'),
(209, 'Citeaux', 'Frédérique ', 'F', '88.60.1555', '24, place Kléber', 'Strasbourg', NULL, '67000', 'France', 106, '53800.00'),
(211, 'Gao', 'Mike', 'M', '+852 2251 1555', 'Bank of China Tower', 'Central Hong Kong', NULL, NULL, 'Hong Kong', 108, '58600.00'),
(216, 'Saavedra', 'Eduardo ', 'M', '(93) 203 4555', 'Rambla de Cataluña, 23', 'Barcelona', NULL, '08022', 'Spain', 120, '60300.00'),
(219, 'Young', 'Mary', 'F', '3105552373', '4097 Douglas Av.', 'Glendale', 'CA', '92561', 'USA', 107, '11000.00'),
(223, 'Kloss', 'Horst ', 'M', '0372-555188', 'Taucherstraße 10', 'Cunewalde', NULL, '01307', 'Germany', 118, '0.00'),
(227, 'Ibsen', 'Palle', 'M', '86 21 3555', 'Smagsloget 45', 'Århus', NULL, '8200', 'Denmark', 123, '120800.00'),
(233, 'Fresnière', 'Jean ', 'M', '(514) 555-8054', '43 rue St. Laurent', 'Montréal', 'Québec', 'H1J 1C3', 'Canada', 115, '48700.00'),
(237, 'Camino', 'Alejandra ', 'F', '(91) 745 6555', 'Gran Vía, 1', 'Madrid', NULL, '28001', 'Spain', 106, '0.00'),
(239, 'Thompson', 'Valarie', 'F', '7605558146', '361 Furth Circle', 'San Diego', 'CA', '91217', 'USA', 104, '105000.00'),
(240, 'Bennett', 'Helen ', 'F', '(198) 555-8888', 'Garden House', 'Cowes', 'Isle of Wight', 'PO31 7PJ', 'UK', 122, '93900.00'),
(242, 'Roulet', 'Annette ', 'F', '61.77.6555', '1 rue Alsace-Lorraine', 'Toulouse', NULL, '31000', 'France', 110, '61100.00'),
(247, 'Messner', 'Renate ', 'F', '069-0555984', 'Magazinweg 7', 'Frankfurt', NULL, '60528', 'Germany', 106, '0.00'),
(249, 'Accorti', 'Paolo ', 'M', '011-4988555', 'Via Monte Bianco 34', 'Torino', NULL, '10100', 'Italy', 119, '113000.00'),
(250, 'Da Silva', 'Daniel', 'M', '+33 1 46 62 7555', '27 rue du Colonel Pierre Avia', 'Paris', NULL, '75508', 'France', 108, '68100.00'),
(256, 'Tonini', 'Daniel ', 'M', '30.59.8555', '67, avenue de l\'Europe', 'Versailles', NULL, '78000', 'France', 105, '77900.00'),
(259, 'Pfalzheim', 'Henriette ', 'F', '0221-5554327', 'Mehrheimerstr. 369', 'Köln', NULL, '50739', 'Germany', 119, '120400.00'),
(260, 'Lincoln', 'Elizabeth ', 'F', '(604) 555-4555', '23 Tsawassen Blvd.', 'Tsawassen', 'BC', 'T2F 8M4', 'Canada', 116, '89600.00'),
(273, 'Franken', 'Peter ', 'M', '089-0877555', 'Berliner Platz 43', 'München', NULL, '80805', 'Germany', 120, '0.00'),
(276, 'O\'Hara', 'Anna', 'F', '02 9936 8555', '201 Miller Street', 'North Sydney', 'NSW', '2060', 'Australia', 105, '107800.00'),
(278, 'Rovelli', 'Giovanni ', 'M', '035-640555', 'Via Ludovico il Moro 22', 'Bergamo', NULL, '24100', 'Italy', 110, '119600.00'),
(282, 'Huxley', 'Adrian', 'M', '+61 2 9495 8555', 'Monitor Money Building', 'Chatswood', 'NSW', '2067', 'Australia', 110, '93300.00'),
(286, 'Hernandez', 'Marta', 'F', '6175558555', '39323 Spinnaker Dr.', 'Cambridge', 'MA', '51247', 'USA', 119, '123700.00'),
(293, 'Harrison', 'Ed', 'M', '+41 26 425 50 01', 'Rte des Arsenaux 41 ', 'Fribourg', NULL, '1700', 'Switzerland', 119, '0.00'),
(298, 'Holz', 'Mihael', 'M', '0897-034555', 'Grenzacherweg 237', 'Genève', NULL, '1203', 'Switzerland', 116, '141300.00'),
(299, 'Klaeboe', 'Jan', 'M', '+47 2212 1555', 'Drammensveien 126A', 'Oslo', NULL, 'N 0106', 'Norway  ', 120, '95100.00'),
(303, 'Schuyler', 'Bradley', 'M', '+31 20 491 9555', 'Kingsfordweg 151', 'Amsterdam', NULL, '1043 GR', 'Netherlands', 108, '0.00'),
(307, 'Andersen', 'Mel', 'F', '030-0074555', 'Obere Str. 57', 'Berlin', NULL, '12209', 'Germany', 123, '0.00'),
(311, 'Koskitalo', 'Pirkko', 'M', '981-443655', 'Torikatu 38', 'Oulu', NULL, '90110', 'Finland', 121, '90500.00'),
(314, 'Dewey', 'Catherine ', 'F', '(02) 5554 67', 'Rue Joseph-Bens 532', 'Bruxelles', NULL, 'B-1180', 'Belgium', 114, '79900.00'),
(319, 'Frick', 'Steve', 'M', '9145554562', '3758 North Pendale Street', 'White Plains', 'NY', '24067', 'USA', 105, '102700.00'),
(320, 'Huang', 'Wing', 'M', '5085559555', '4575 Hillside Dr.', 'New Bedford', 'MA', '50553', 'USA', 102, '94500.00'),
(321, 'Brown', 'Julie', 'F', '6505551386', '7734 Strong St.', 'San Francisco', 'CA', '94217', 'USA', 116, '105000.00'),
(323, 'Graham', 'Mike', 'M', '+64 9 312 5555', '162-164 Grafton Road', 'Auckland  ', NULL, NULL, 'New Zealand', 109, '88000.00'),
(324, 'Brown', 'Ann ', 'F', '(171) 555-0297', '35 King George', 'London', NULL, 'WX3 6FW', 'UK', 116, '77000.00'),
(328, 'Brown', 'William', 'M', '2015559350', '7476 Moss Rd.', 'Newark', 'NJ', '94019', 'USA', 106, '43000.00'),
(333, 'Calaghan', 'Ben', 'M', '61-7-3844-6555', '31 Duncan St. West End', 'South Brisbane', 'Queensland', '4101', 'Australia', 105, '51600.00'),
(334, 'Suominen', 'Kalle', 'F', '+358 9 8045 555', 'Software Engineering Center', 'Espoo', NULL, 'FIN-02271', 'Finland', 104, '98800.00'),
(335, 'Cramer', 'Philip ', 'M', '0555-09555', 'Maubelstr. 90', 'Brandenburg', NULL, '14776', 'Germany', 104, '0.00'),
(339, 'Cervantes', 'Francisca', 'F', '2155554695', '782 First Street', 'Philadelphia', 'PA', '71270', 'USA', 108, '81100.00'),
(344, 'Fernandez', 'Jesus', 'M', '+34 913 728 555', 'Merchants House', 'Madrid', NULL, '28023', 'Spain', 103, '59600.00'),
(347, 'Chandler', 'Brian', 'M', '2155554369', '6047 Douglas Av.', 'Los Angeles', 'CA', '91003', 'USA', 112, '57700.00'),
(348, 'McKenna', 'Patricia ', 'F', '2967 555', '8 Johnstown Road', 'Cork', 'Co. Cork', NULL, 'Ireland', 106, '0.00'),
(350, 'Lebihan', 'Laurence ', 'M', '91.24.4555', '12, rue des Bouchers', 'Marseille', NULL, '13008', 'France', 114, '65000.00'),
(353, 'Henriot', 'Paul ', 'M', '26.47.1555', '59 rue de l\'Abbaye', 'Reims', NULL, '51100', 'France', 106, '81100.00'),
(356, 'Kuger', 'Armand', 'M', '+27 21 550 3555', '1250 Pretorius Street', 'Hatfield', 'Pretoria', '0028', 'South Africa', 107, '0.00'),
(357, 'MacKinlay', 'Wales', 'M', '64-9-3763555', '199 Great North Road', 'Auckland', NULL, NULL, 'New Zealand', 117, '77700.00'),
(361, 'Josephs', 'Karin', 'F', '0251-555259', 'Luisenstr. 48', 'Münster', NULL, '44087', 'Germany', 120, '0.00'),
(362, 'Yoshido', 'Juri', 'M', '6175559555', '8616 Spinnaker Dr.', 'Boston', 'MA', '51003', 'USA', 123, '41900.00'),
(363, 'Young', 'Dorothy', 'F', '6035558647', '2304 Long Airport Avenue', 'Nashua', 'NH', '62005', 'USA', 109, '114200.00'),
(369, 'Rodriguez', 'Lino ', 'F', '(1) 354-2555', 'Jardim das rosas n. 32', 'Lisboa', NULL, '1675', 'Portugal', 119, '0.00'),
(376, 'Urs', 'Braun', 'M', '0452-076555', 'Hauptstr. 29', 'Bern', NULL, '3012', 'Switzerland', 121, '0.00'),
(379, 'Nelson', 'Allen', 'M', '6175558555', '7825 Douglas Av.', 'Brickhaven', 'MA', '58339', 'USA', 105, '70700.00'),
(381, 'Cartrain', 'Pascale ', 'F', '(071) 23 67 2555', 'Boulevard Tirou, 255', 'Charleroi', NULL, 'B-6000', 'Belgium', 103, '23500.00'),
(382, 'Pipps', 'Georg ', 'M', '6562-9555', 'Geislweg 14', 'Salzburg', NULL, '5020', 'Austria', 119, '71700.00'),
(385, 'Cruz', 'Arnold', 'M', '+63 2 555 3587', '15 McCallum Street', 'Makati City', NULL, '1227 MM', 'Philippines', 121, '81500.00'),
(386, 'Moroni', 'Maurizio ', 'M', '0522-556555', 'Strada Provinciale 124', 'Reggio Emilia', NULL, '42100', 'Italy', 103, '121400.00'),
(398, 'Shimamura', 'Akiko', 'M', '+81 3 3584 0555', '2-2-8 Roppongi', 'Minato-ku', 'Tokyo', '106-0032', 'Japan', 114, '94400.00'),
(406, 'Perrier', 'Dominique', 'F', '(1) 47.55.6555', '25, rue Lauriston', 'Paris', NULL, '75016', 'France', 116, '95000.00'),
(409, 'Müller', 'Rita ', 'F', '0711-555361', 'Adenauerallee 900', 'Stuttgart', NULL, '70563', 'Germany', 114, '0.00'),
(412, 'McRoy', 'Sarah', 'F', '04 499 9555', '101 Lambton Quay', 'Wellington', NULL, NULL, 'New Zealand', 120, '86800.00'),
(415, 'Donnermeyer', 'Michael', 'M', ' +49 89 61 08 9555', 'Hansastr. 15', 'Munich', NULL, '80686', 'Germany', 112, '77000.00'),
(424, 'Hernandez', 'Maria', 'F', '2125558493', '5905 Pompton St.', 'NYC', 'NY', '10022', 'USA', 123, '67500.00'),
(443, 'Feuer', 'Alexander ', 'M', '0342-555176', 'Heerstr. 22', 'Leipzig', NULL, '04179', 'Germany', 110, '0.00'),
(447, 'Lewis', 'Dan', 'M', '2035554407', '2440 Pompton St.', 'Glendale', 'CT', '97561', 'USA', 103, '49700.00'),
(448, 'Larsson', 'Martha', 'F', '0695-34 6555', 'Åkergatan 24', 'Bräcke', NULL, 'S-844 67', 'Sweden', 105, '116400.00'),
(450, 'Frick', 'Sue', 'F', '4085553659', '3086 Ingle Ln.', 'San Jose', 'CA', '94217', 'USA', 113, '77600.00'),
(452, 'Mendel', 'Roland ', 'M', '7675-3555', 'Kirchgasse 6', 'Graz', NULL, '8010', 'Austria', 107, '45300.00'),
(455, 'Murphy', 'Leslie', 'F', '2035559545', '567 North Pendale Street', 'New Haven', 'CT', '97823', 'USA', 115, '95400.00'),
(456, 'Choi', 'Yu', 'M', '2125551957', '5290 North Pendale Street', 'NYC', 'NY', '10022', 'USA', 110, '39800.00'),
(458, 'Sommer', 'Martín ', 'M', '(91) 555 22 82', 'C/ Araquil, 67', 'Madrid', NULL, '28023', 'Spain', 104, '104600.00'),
(459, 'Ottlieb', 'Sven ', 'M', '0241-039123', 'Walserweg 21', 'Aachen', NULL, '52066', 'Germany', 110, '0.00'),
(462, 'Benitez', 'Violeta', 'F', '5085552555', '1785 First Street', 'New Bedford', 'MA', '50553', 'USA', 116, '85800.00'),
(465, 'Anton', 'Carmen', 'F', '+34 913 728555', 'c/ Gobelas, 19-1 Urb. La Florida', 'Madrid', NULL, '28023', 'Spain', 104, '0.00'),
(471, 'Clenahan', 'Sean', 'M', '61-9-3844-6555', '7 Allen Street', 'Glen Waverly', 'Victoria', '3150', 'Australia', 115, '60300.00'),
(473, 'Ricotti', 'Franco', 'M', '+39 022515555', '20093 Cologno Monzese', 'Milan', NULL, NULL, 'Italy', 116, '34800.00'),
(475, 'Thompson', 'Steve', 'M', '3105553722', '3675 Furth Circle', 'Burbank', 'CA', '94019', 'USA', 112, '55400.00'),
(477, 'Moos', 'Hanna ', 'F', '0621-08555', 'Forsterstr. 57', 'Mannheim', NULL, '68306', 'Germany', 112, '0.00'),
(480, 'Semenov', 'Alexander ', 'M', '+7 812 293 0521', '2 Pobedy Square', 'Saint Petersburg', NULL, '196143', 'Russia', 121, '0.00'),
(481, 'Altagar,G M', 'Raanan', 'F', '+ 972 9 959 8555', '3 Hagalim Blv.', 'Herzlia', NULL, '47625', 'Israel', 123, '0.00'),
(484, 'Roel', 'José Pedro ', 'M', '(95) 555 82 82', 'C/ Romero, 33', 'Sevilla', NULL, '41101', 'Spain', 105, '65700.00'),
(486, 'Salazar', 'Rosa', 'F', '2155559857', '11328 Douglas Av.', 'Philadelphia', 'PA', '71270', 'USA', 102, '72600.00'),
(487, 'Taylor', 'Sue', 'F', '4155554312', '2793 Furth Circle', 'Brisbane', 'CA', '94217', 'USA', 114, '60300.00'),
(489, 'Smith', 'Thomas ', 'M', '(171) 555-7555', '120 Hanover Sq.', 'London', NULL, 'WA1 1DP', 'UK', 118, '43300.00'),
(495, 'Franco', 'Valarie', 'F', '6175552555', '6251 Ingle Ln.', 'Boston', 'MA', '51003', 'USA', 104, '85100.00'),
(496, 'Snowden', 'Tony', 'M', '+64 9 5555500', 'Arenales 1938 3\'A\'', 'Auckland  ', NULL, NULL, 'New Zealand', 106, '110000.00');

-- --------------------------------------------------------

--
-- Table structure for table `employee`
--

CREATE TABLE `employee` (
  `employeeid` int(3) NOT NULL,
  `medcode` char(3) DEFAULT NULL,
  `lastname` varchar(25) DEFAULT NULL,
  `initials` varchar(5) DEFAULT NULL,
  `prefix` varchar(10) DEFAULT NULL,
  `firstname` varchar(15) DEFAULT NULL,
  `address` varchar(20) DEFAULT NULL,
  `zipcode` varchar(6) DEFAULT NULL,
  `city` varchar(25) DEFAULT NULL,
  `phone` varchar(11) DEFAULT NULL,
  `birthdate` date DEFAULT NULL,
  `function` varchar(15) DEFAULT NULL,
  `salary` decimal(8,2) DEFAULT NULL
) ENGINE=MyISAM DEFAULT CHARSET=latin1;

--
-- Dumping data for table `employee`
--

INSERT INTO `employee` (`employeeid`, `medcode`, `lastname`, `initials`, `prefix`, `firstname`, `address`, `zipcode`, `city`, `phone`, `birthdate`, `function`, `salary`) VALUES
(102, 'Brc', 'Blikslager', 'C.L.M', '', 'Cor', 'Terborgsewg 125', '7004 G', 'Doetinchem', '0314360123', '1952-08-15', 'order picker', '1960.00'),
(103, 'Hsg', 'Haas', 'G.W.', 'de', 'Gerard', 'Rijksweg 45', '7011 R', 'Gaanderen', '0315443322', '1964-11-08', 'shop assistant', '1978.00'),
(104, 'Hrh', 'Hoof - Blikslager', 'H.A.', 'van', 'Hannie', 'Haverkamp 5', '7006 T', 'Doetinchem', '0314398234', '1974-02-12', 'shop assistent', '0.00'),
(105, 'Bnh', 'Blikslager - Jansen', 'H.H.J', '', 'Hennie', 'Terborgsewg 125', '7004 G', 'Doetinchem', '0314360123', '1953-06-06', 'directeur', '3500.00'),
(106, 'Jnh', 'Jansen', 'H.J.M', '', 'Henk', 'Rondweg 5', '6090 A', 'Wehl', '0316654432', '1970-12-23', 'shop assistent', '0.00'),
(107, 'Osr', 'Olieslagers', 'R.T.', '', 'Ruud', 'Zuivelweg 112', '7002 H', 'Doetinchem', '0314339753', '1969-08-04', 'driver', '0.00'),
(108, 'Brj', 'Blikslager', 'J.J', '', 'Jan', 'Kennedylaan 6', '7001 H', 'Doetinchem', '0314345678', '1950-12-06', 'order picker', '0.00'),
(109, 'Esh', 'Evers', 'H.L.', '', 'Hans', 'Hamburgerstraat 29', '7001 A', 'Doetinchem', '0314321321', '1964-07-15', 'order picker', '0.00'),
(110, 'Snw', 'Snellen', 'W.O.', '', 'Willem', 'Dichtershof 75', '7006 Z', 'Doetinchem', '0314321657', '1970-02-27', 'shop manager', '0.00'),
(111, 'Ept', 'Erp', 'T.M.', 'van', 'Theo', 'Stationsweg 12', '7001 T', 'Gaanderen', '0315265341', '1970-04-19', 'order picker', '1750.00'),
(112, 'Hrp', 'Hendriks - Blikslager', 'P.J.', '', 'Petra', 'Terborgseweg 12', '7001 D', 'Doetinchem', '0314345345', '1971-11-04', 'shop assistent', '0.00'),
(113, 'Mrr', 'Mulder', 'R.B.R', '', 'Rob', 'Zeddamseweg 23', '7035 R', 'Kilder', '0316456789', '1961-02-04', 'driver', '0.00'),
(114, 'Wsh', 'Wouters', 'H.B.', '', 'Hans', 'Sarinkhof 6', '7011 A', 'Gaanderen', '0315234567', '1949-05-20', 'shop manager', '0.00'),
(115, 'Kre', 'Kort - Blikslager', 'E.V.N', 'de', 'Eva', 'Doetinchemseweg 7', '7035 T', 'Kilder', '0316456456', '1973-06-19', 'shop assistant', '1984.50'),
(116, 'Prs', 'Pieters - Blikslager', 'S.V.P', '', 'Sylvia', 'IJsselweg 12', '7001 S', 'Gaanderen', '0315265432', '1975-05-18', 'order picker', '1837.50'),
(117, 'Bnj', 'Broeken', 'J.A.', '', 'Jos', 'Keppelseweg 25', '7001 W', 'Doetinchem', '0314387245', '1969-03-05', 'shop assistent', '0.00'),
(118, 'Knf', 'Krimpen', 'F.O.', 'van', 'Trees', 'Haareweg 60', '7009 F', 'Doetinchem', '0314375753', '1975-10-15', 'order picker', '1587.50'),
(119, 'Vsk', 'Vos', 'K.E.E', 'de', 'Kees', 'Grootestraat 15', '7009 Y', 'Doetinchem', '0314345456', '1958-11-22', 'driver', '0.00'),
(120, 'Blw', 'Blikslager - van Heel', 'W.P.M', '', 'Wilma', 'Wannedreef 20', '7006 E', 'Doetinchem', '0314325634', '1973-12-12', 'shop assistant', '1984.50'),
(121, 'Ssj', 'Smets', 'J.A.M', '', 'Jozef', 'Torenallee 2', '7001 X', 'Doetinchem', '0314385385', '1971-11-15', 'shop assistent', '0.00'),
(122, 'Bsk', 'Blikslager - Bergmans', 'K.R.', '', 'Katrijn', 'Kennedylaan 6', '7001 H', 'Doetinchem', '0314345678', '1952-03-17', 'shop assistent', '0.00');

-- --------------------------------------------------------

--
-- Table structure for table `games`
--

CREATE TABLE `games` (
  `gameid` int(11) NOT NULL,
  `gamename` varchar(46) DEFAULT NULL,
  `Platform` varchar(8) DEFAULT NULL,
  `yearid` int(11) NOT NULL,
  `genreid` int(11) NOT NULL,
  `publisherid` int(11) DEFAULT NULL,
  `price` decimal(15,2) NOT NULL,
  `revenue_america` decimal(15,2) DEFAULT NULL,
  `revenue_europe` decimal(15,2) DEFAULT NULL,
  `revenue_japan` decimal(15,2) DEFAULT NULL,
  `revenue_rest` decimal(15,2) DEFAULT NULL
) ENGINE=InnoDB DEFAULT CHARSET=utf8;

--
-- Dumping data for table `games`
--

INSERT INTO `games` (`gameid`, `gamename`, `Platform`, `yearid`, `genreid`, `publisherid`, `price`, `revenue_america`, `revenue_europe`, `revenue_japan`, `revenue_rest`) VALUES
(1, 'Wii Sports', 'Wii', 1, 1, 206, '25.00', '41.48', '29.01', '3.77', '8.46'),
(2, 'Super Mario Bros.', 'NES', 2, 2, 206, '18.81', '29.08', '3.58', '6.81', '0.77'),
(3, 'Mario Kart Wii', 'Wii', 3, 3, 206, '29.00', '15.84', '12.86', '3.79', '3.31'),
(4, 'Wii Sports Resort', 'Wii', 4, 1, 206, '28.00', '15.74', '10.99', '3.28', '2.96'),
(5, 'Pokemon Red/Pokemon Blue', 'GB', 5, 4, 206, '22.00', '11.27', '8.89', '10.22', '1.00'),
(6, 'Tetris', 'GB', 6, 5, 206, '26.00', '23.20', '2.26', '4.22', '0.58'),
(7, 'New Super Mario Bros.', 'DS', 1, 2, 206, '25.00', '11.38', '9.23', '6.50', '2.90'),
(8, 'Wii Play', 'Wii', 1, 6, 206, '24.00', '14.03', '9.20', '2.93', '2.85'),
(9, 'New Super Mario Bros. Wii', 'Wii', 4, 2, 206, '26.00', '14.59', '7.04', '4.70', '2.26'),
(10, 'Duck Hunt', 'NES', 7, 7, 206, '27.00', '26.93', '0.63', '0.28', '0.47'),
(11, 'Nintendogs', 'DS', 8, 8, 206, '28.00', '9.07', '10.99', '1.93', '2.75'),
(12, 'Mario Kart DS', 'DS', 8, 3, 206, '27.00', '9.80', '7.57', '4.13', '1.92'),
(13, 'Pokemon Gold/Pokemon Silver', 'GB', 9, 4, 206, '29.00', '9.00', '6.18', '7.20', '0.71'),
(14, 'Wii Fit', 'Wii', 10, 1, 206, '26.00', '8.94', '8.03', '3.60', '2.15'),
(15, 'Wii Fit Plus', 'Wii', 4, 1, 206, '23.00', '9.09', '8.58', '2.53', '1.79'),
(16, 'Kinect Adventures!', 'X360', 11, 6, 186, '24.00', '14.96', '4.93', '0.24', '1.67'),
(17, 'Grand Theft Auto V', 'PS3', 12, 9, 301, '22.00', '6.97', '9.20', '0.97', '4.23'),
(18, 'Grand Theft Auto: San Andreas', 'PS2', 13, 9, 301, '29.00', '9.43', '0.40', '0.41', '10.57'),
(19, 'Super Mario World', 'SNES', 14, 2, 206, '8.74', '12.78', '3.75', '3.54', '0.55'),
(20, 'Brain Age: Train Your Brain in Minutes a Day', 'DS', 8, 6, 206, '29.00', '4.75', '9.25', '4.16', '2.05'),
(21, 'Pokemon Diamond/Pokemon Pearl', 'DS', 1, 4, 206, '25.00', '6.42', '4.52', '6.04', '1.37'),
(22, 'Super Mario Land', 'GB', 6, 2, 206, '30.00', '10.83', '2.71', '4.18', '0.42'),
(23, 'Super Mario Bros. 3', 'NES', 15, 2, 206, '21.00', '9.54', '3.44', '3.84', '0.46'),
(24, 'Grand Theft Auto V', 'X360', 12, 9, 301, '28.00', '9.54', '5.27', '0.06', '1.36'),
(25, 'Grand Theft Auto: Vice City', 'PS2', 16, 9, 301, '25.00', '8.41', '5.49', '0.47', '1.78'),
(26, 'Pokemon Ruby/Pokemon Sapphire', 'GBA', 16, 4, 206, '29.00', '6.06', '3.90', '5.38', '0.50'),
(27, 'Brain Age 2: More Training in Minutes a Day', 'DS', 8, 5, 206, '22.00', '3.44', '5.36', '5.32', '1.18'),
(28, 'Pokemon Black/Pokemon White', 'DS', 11, 4, 206, '22.00', '5.57', '3.26', '5.65', '0.82'),
(29, 'Gran Turismo 3: A-Spec', 'PS2', 17, 3, 279, '35.78', '6.85', '5.09', '1.87', '1.16'),
(30, 'Call of Duty: Modern Warfare 3', 'X360', 18, 7, 15, '22.92', '9.02', '4.27', '0.13', '1.32'),
(31, 'Pok?mon Yellow: Special Pikachu Edition', 'GB', 19, 4, 206, '23.00', '5.89', '5.04', '3.12', '0.59'),
(32, 'Call of Duty: Black Ops', 'X360', 11, 7, 15, '10.66', '9.65', '3.71', '0.11', '1.12'),
(33, 'Call of Duty: Black Ops II', 'PS3', 20, 7, 15, '27.00', '4.99', '5.87', '0.64', '2.52'),
(34, 'Pokemon X/Pokemon Y', '3DS', 12, 4, 206, '26.00', '4.91', '3.81', '4.33', '0.83'),
(35, 'Call of Duty: Black Ops II', 'X360', 20, 7, 15, '28.00', '8.24', '4.29', '0.07', '1.12'),
(36, 'Call of Duty: Modern Warfare 2', 'X360', 4, 7, 15, '21.00', '8.52', '3.62', '0.08', '1.29'),
(37, 'Call of Duty: Modern Warfare 3', 'PS3', 18, 7, 15, '23.00', '5.54', '5.80', '0.49', '1.62'),
(38, 'Call of Duty: Black Ops 3', 'PS4', 21, 7, 15, '30.00', '5.21', '5.58', '0.33', '2.14'),
(39, 'Grand Theft Auto III', 'PS2', 17, 9, 301, '22.00', '6.99', '4.51', '0.30', '1.30'),
(40, 'Super Smash Bros. Brawl', 'Wii', 3, 10, 206, '29.00', '6.74', '2.60', '2.66', '1.02'),
(41, 'Call of Duty: Black Ops', 'PS3', 11, 7, 15, '29.00', '5.98', '4.44', '0.48', '1.83'),
(42, 'Animal Crossing: Wild World', 'DS', 8, 8, 206, '18.49', '2.55', '3.51', '5.33', '0.88'),
(43, 'Halo 3', 'X360', 10, 7, 186, '26.00', '7.97', '2.83', '0.13', '1.21'),
(44, 'Mario Kart 7', '3DS', 18, 3, 206, '24.00', '4.69', '3.83', '2.64', '0.88'),
(45, 'Super Mario 64', 'N64', 5, 2, 206, '17.78', '6.91', '2.85', '1.91', '0.23'),
(46, 'Pokemon HeartGold/Pokemon SoulSilver', 'DS', 4, 9, 206, '14.40', '4.40', '2.75', '3.96', '0.77'),
(47, 'Gran Turismo 4', 'PS2', 13, 3, 279, '8.95', '3.01', '0.01', '1.10', '7.53'),
(48, 'Super Mario Galaxy', 'Wii', 10, 2, 206, '21.00', '6.16', '3.39', '1.20', '0.75'),
(49, 'Super Mario Land 2: 6 Golden Coins', 'GB', 22, 11, 206, '21.00', '6.16', '2.04', '2.69', '0.29'),
(50, 'Grand Theft Auto V', 'PS4', 23, 9, 301, '22.00', '3.54', '5.41', '0.31', '1.89'),
(51, 'Grand Theft Auto IV', 'X360', 3, 9, 301, '29.00', '6.76', '3.10', '0.14', '1.02'),
(52, 'Gran Turismo', 'PS', 24, 3, 279, '26.00', '4.02', '3.87', '2.54', '0.52'),
(53, 'Gran Turismo 5', 'PS3', 11, 3, 279, '23.00', '2.96', '4.87', '0.81', '2.13'),
(54, 'Super Mario 3D Land', '3DS', 18, 2, 206, '26.00', '4.89', '2.95', '2.13', '0.78'),
(55, 'Call of Duty: Modern Warfare 2', 'PS3', 4, 7, 15, '21.00', '4.98', '3.68', '0.38', '1.63'),
(56, 'Super Mario All-Stars', 'SNES', 25, 2, 206, '27.00', '5.99', '2.15', '2.12', '0.29'),
(57, 'Grand Theft Auto IV', 'PS3', 3, 9, 301, '22.00', '4.75', '3.74', '0.44', '1.62'),
(58, 'Pokemon FireRed/Pokemon LeafGreen', 'GBA', 13, 4, 206, '28.00', '4.34', '2.65', '3.15', '0.35'),
(59, 'Pokemon Omega Ruby/Pokemon Alpha Sapphire', '3DS', 23, 4, 206, '23.00', '3.83', '3.06', '2.97', '0.58'),
(60, 'Super Mario 64', 'DS', 13, 2, 206, '23.00', '5.08', '3.10', '1.25', '0.98'),
(61, 'Just Dance 3', 'Wii', 18, 6, 326, '23.00', '6.05', '3.14', '0.00', '1.07'),
(62, 'Call of Duty: Ghosts', 'X360', 12, 7, 15, '10.40', '6.71', '2.62', '0.04', '0.80'),
(63, 'Call of Duty: Ghosts', 'PS3', 12, 7, 15, '18.90', '4.08', '3.72', '0.38', '1.82'),
(64, 'Mario Kart 64', 'N64', 5, 3, 206, '28.00', '5.55', '1.94', '2.23', '0.15'),
(65, 'Halo: Reach', 'X360', 11, 7, 186, '23.50', '7.03', '1.97', '0.08', '0.78'),
(66, 'Halo 4', 'X360', 20, 7, 186, '29.00', '6.62', '2.34', '0.04', '0.73'),
(67, 'Final Fantasy VII', 'PS', 24, 4, 279, '29.00', '3.01', '2.47', '3.28', '0.96'),
(68, 'New Super Mario Bros. 2', '3DS', 20, 2, 206, '19.38', '3.65', '2.98', '2.45', '0.63'),
(69, 'Just Dance 2', 'Wii', 11, 6, 326, '21.00', '5.84', '2.88', '0.01', '0.78'),
(70, 'Gran Turismo 2', 'PS', 9, 3, 279, '8.65', '3.88', '3.42', '1.69', '0.50'),
(71, 'Donkey Kong Country', 'SNES', 26, 2, 206, '36.21', '4.36', '1.71', '3.00', '0.23'),
(72, 'Call of Duty 4: Modern Warfare', 'X360', 10, 7, 15, '24.00', '5.90', '2.37', '0.13', '0.89'),
(73, 'Mario Party DS', 'DS', 10, 6, 206, '28.00', '4.46', '1.88', '1.98', '0.70'),
(74, 'Minecraft', 'X360', 12, 6, 186, '26.00', '5.45', '2.77', '0.02', '0.75'),
(75, 'Animal Crossing: New Leaf', '3DS', 20, 8, 206, '25.00', '1.99', '2.24', '4.31', '0.42'),
(76, 'The Elder Scrolls V: Skyrim', 'X360', 18, 4, 44, '21.45', '5.02', '2.84', '0.10', '0.84'),
(77, 'Super Mario Kart', 'SNES', 22, 3, 206, '19.11', '3.54', '1.24', '3.81', '0.18'),
(78, 'Halo 2', 'XB', 13, 7, 186, '8.63', '6.82', '1.53', '0.05', '0.08'),
(79, 'Wii Party', 'Wii', 11, 6, 206, '25.00', '1.79', '3.52', '2.49', '0.68'),
(80, 'Mario Party 8', 'Wii', 10, 6, 206, '10.39', '3.81', '2.29', '1.58', '0.73'),
(81, 'Pokemon Black 2/Pokemon White 2', 'DS', 20, 4, 206, '23.00', '2.90', '1.84', '3.14', '0.43'),
(82, 'FIFA Soccer 13', 'PS3', 20, 9, 94, '29.00', '1.06', '5.04', '0.13', '2.01'),
(83, 'The Sims 3', 'PC', 4, 8, 94, '32.53', '0.97', '6.40', '0.00', '0.73'),
(84, 'GoldenEye 007', 'N64', 24, 7, 206, '26.00', '5.80', '2.01', '0.13', '0.15'),
(85, 'Mario & Sonic at the Olympic Games', 'Wii', 10, 1, 258, '14.62', '2.58', '3.90', '0.66', '0.91'),
(86, 'Final Fantasy X', 'PS2', 17, 4, 279, '8.87', '2.91', '2.07', '2.73', '0.33'),
(87, 'FIFA 16', 'PS4', 21, 1, 94, '30.00', '1.00', '5.78', '0.06', '1.19'),
(88, 'Final Fantasy VIII', 'PS', 9, 4, 364, '24.00', '2.28', '1.72', '3.63', '0.23'),
(89, 'Pok?mon Platinum Version', 'DS', 3, 4, 206, '27.00', '2.82', '1.77', '2.69', '0.55'),
(90, 'Pac-Man', '2600', 27, 5, 28, '23.64', '7.28', '0.45', '0.00', '0.08'),
(91, 'Grand Theft Auto: Liberty City Stories', 'PSP', 8, 9, 301, '23.00', '2.90', '2.83', '0.24', '1.75'),
(92, 'Super Mario Galaxy 2', 'Wii', 11, 2, 206, '23.00', '3.65', '2.40', '0.98', '0.64'),
(93, 'The Legend of Zelda: Ocarina of Time', 'N64', 19, 9, 206, '27.00', '4.10', '1.89', '1.45', '0.16'),
(94, 'Crash Bandicoot 2: Cortex Strikes Back', 'PS', 24, 2, 279, '41.14', '3.78', '2.17', '1.31', '0.31'),
(95, 'Call of Duty: Advanced Warfare', 'PS4', 23, 7, 15, '23.00', '2.79', '3.29', '0.14', '1.36'),
(96, 'Star Wars Battlefront (2015)', 'PS4', 21, 7, 94, '14.97', '2.88', '3.18', '0.21', '1.20'),
(97, 'Super Mario Bros. 2', 'NES', 15, 2, 206, '24.00', '5.39', '1.18', '0.70', '0.19'),
(98, 'Call of Duty: World at War', 'X360', 3, 7, 15, '21.47', '4.78', '1.89', '0.00', '0.69'),
(99, 'Super Smash Bros. for Wii U and 3DS', '3DS', 23, 10, 206, '27.20', '3.21', '1.31', '2.40', '0.43'),
(100, 'Battlefield 3', 'X360', 18, 7, 94, '12.88', '4.46', '2.12', '0.06', '0.69'),
(101, 'The Legend of Zelda: Twilight Princess', 'Wii', 1, 9, 206, '23.00', '3.83', '2.18', '0.60', '0.70'),
(102, 'Just Dance', 'Wii', 4, 6, 326, '11.31', '3.51', '3.01', '0.00', '0.73'),
(103, 'Battlefield 3', 'PS3', 18, 7, 94, '21.00', '2.85', '2.92', '0.35', '1.10'),
(104, 'Need for Speed Underground', 'PS2', 28, 3, 94, '24.00', '3.27', '2.83', '0.08', '1.02'),
(105, 'Tekken 3', 'PS', 19, 10, 279, '26.00', '3.27', '2.22', '1.40', '0.29'),
(106, 'Crash Bandicoot 3: Warped', 'PS', 19, 2, 279, '29.00', '3.68', '1.75', '1.42', '0.28'),
(107, 'Super Smash Bros. Melee', 'GC', 17, 10, 206, '13.55', '4.41', '1.04', '1.39', '0.22'),
(108, 'Call of Duty: Black Ops 3', 'XOne', 21, 7, 15, '28.00', '4.34', '2.03', '0.01', '0.65'),
(109, 'FIFA 14', 'PS3', 12, 1, 94, '22.00', '0.77', '4.30', '0.07', '1.84'),
(110, 'Mario Kart: Double Dash!!', 'GC', 28, 3, 206, '23.00', '4.12', '1.77', '0.87', '0.19'),
(111, 'Just Dance 4', 'Wii', 20, 6, 326, '30.00', '4.14', '2.20', '0.00', '0.56'),
(112, 'Need for Speed Underground 2', 'PS2', 13, 3, 94, '12.67', '2.71', '3.02', '0.08', '1.09'),
(113, 'Mario Kart 8', 'WiiU', 23, 3, 206, '30.00', '3.11', '2.02', '1.24', '0.49'),
(114, 'Medal of Honor: Frontline', 'PS2', 16, 7, 94, '28.00', '2.93', '2.75', '0.17', '0.99'),
(115, 'Crash Bandicoot', 'PS', 5, 2, 279, '30.00', '3.23', '2.35', '0.94', '0.30'),
(116, 'Uncharted 3: Drake\'s Deception', 'PS3', 18, 9, 279, '28.00', '2.77', '2.79', '0.19', '1.07'),
(117, 'Zumba Fitness', 'Wii', 11, 1, 7, '16.54', '3.49', '2.63', '0.00', '0.67'),
(118, 'Gears of War 2', 'X360', 3, 7, 186, '28.00', '4.14', '1.92', '0.06', '0.64'),
(119, 'Uncharted 2: Among Thieves', 'PS3', 4, 9, 279, '25.00', '3.26', '2.24', '0.21', '1.00'),
(120, 'Fallout 4', 'PS4', 21, 4, 44, '30.41', '2.41', '3.01', '0.23', '1.06'),
(121, 'Call of Duty 4: Modern Warfare', 'PS3', 10, 7, 15, '23.00', '3.10', '2.30', '0.28', '1.04'),
(122, 'FIFA 12', 'PS3', 18, 1, 94, '22.55', '0.83', '4.32', '0.11', '1.42'),
(123, 'Big Brain Academy', 'DS', 8, 6, 206, '28.00', '1.67', '2.77', '1.60', '0.62'),
(124, 'Red Dead Redemption', 'PS3', 11, 9, 301, '21.00', '2.78', '2.59', '0.17', '1.03'),
(125, 'Donkey Kong Country Returns', 'Wii', 11, 2, 206, '29.00', '3.25', '1.83', '1.03', '0.47'),
(126, 'FIFA 15', 'PS4', 23, 1, 94, '27.18', '0.79', '4.27', '0.05', '1.46'),
(127, 'The Elder Scrolls V: Skyrim', 'PS3', 18, 4, 44, '11.02', '2.55', '2.69', '0.25', '1.05'),
(128, 'The Legend of Zelda', 'NES', 29, 9, 206, '23.00', '3.74', '0.93', '1.69', '0.14'),
(129, 'Assassin\'s Creed III', 'PS3', 20, 9, 326, '25.00', '2.64', '2.56', '0.16', '1.15'),
(130, 'Halo: Combat Evolved', 'XB', 17, 7, 186, '27.00', '4.98', '1.30', '0.08', '0.07'),
(131, 'Pok?mon Emerald Version', 'GBA', 13, 4, 206, '21.61', '2.57', '1.58', '2.06', '0.21'),
(132, 'Kingdom Hearts', 'PS2', 16, 4, 279, '21.00', '3.64', '1.20', '1.49', '0.07'),
(133, 'Pok?mon Crystal Version', 'GB', 30, 4, 206, '14.69', '2.55', '1.56', '1.29', '0.99'),
(134, 'Halo 3: ODST', 'X360', 4, 7, 186, '23.00', '4.34', '1.34', '0.06', '0.61'),
(135, 'Red Dead Redemption', 'X360', 11, 9, 301, '16.09', '3.70', '1.96', '0.09', '0.57'),
(136, 'Super Mario Sunshine', 'GC', 16, 2, 206, '13.07', '4.01', '1.26', '0.87', '0.17'),
(137, 'Street Fighter II: The World Warrior', 'SNES', 22, 10, 65, '11.67', '2.47', '0.83', '2.87', '0.12'),
(138, 'Driver', 'PS', 9, 9, 122, '22.00', '3.11', '2.80', '0.02', '0.33'),
(139, 'World of Warcraft', 'PC', 13, 4, 15, '21.00', '0.06', '6.18', '0.00', '0.00'),
(140, 'Gears of War 3', 'X360', 18, 7, 186, '29.00', '4.05', '1.62', '0.07', '0.49'),
(141, 'Kinect Sports', 'X360', 11, 1, 186, '24.33', '3.92', '1.78', '0.03', '0.51'),
(142, 'Gears of War', 'X360', 1, 7, 186, '19.19', '3.54', '1.89', '0.07', '0.60'),
(143, 'Metal Gear Solid 2: Sons of Liberty', 'PS2', 17, 9, 160, '21.00', '2.45', '2.01', '0.87', '0.72'),
(144, 'Sonic the Hedgehog 2', 'GEN', 22, 2, 258, '11.18', '4.47', '1.20', '0.16', '0.19'),
(145, 'Metal Gear Solid', 'PS', 19, 9, 160, '16.22', '3.18', '1.83', '0.78', '0.24'),
(146, 'Metal Gear Solid 4: Guns of the Patriots', 'PS3', 3, 9, 160, '28.00', '2.63', '1.73', '0.83', '0.83'),
(147, 'The Last of Us', 'PS3', 12, 9, 279, '25.00', '2.41', '2.26', '0.28', '1.02'),
(148, 'Final Fantasy XII', 'PS2', 1, 4, 291, '10.54', '1.88', '0.00', '2.33', '1.74'),
(149, 'LittleBigPlanet', 'PS3', 3, 2, 279, '21.00', '2.80', '2.05', '0.17', '0.90'),
(150, 'Dragon Quest IX: Sentinels of the Starry Skies', 'DS', 4, 4, 206, '21.00', '0.65', '0.69', '4.35', '0.15'),
(151, 'Resident Evil 2', 'PS', 19, 9, 362, '21.00', '1.88', '1.47', '2.02', '0.45'),
(152, 'LEGO Star Wars: The Complete Saga', 'Wii', 10, 9, 168, '30.00', '3.66', '1.62', '0.00', '0.53'),
(153, 'Tekken 2', 'PS', 5, 10, 279, '27.00', '2.26', '1.89', '1.36', '0.23'),
(154, 'Cooking Mama', 'DS', 1, 8, 7, '24.00', '3.13', '1.94', '0.07', '0.58'),
(155, 'Destiny', 'PS4', 23, 7, 15, '28.00', '2.48', '2.03', '0.16', '0.96'),
(156, 'Tetris', 'NES', 15, 5, 206, '29.00', '2.97', '0.69', '1.81', '0.11'),
(157, 'Assassin\'s Creed II', 'PS3', 4, 9, 326, '33.41', '2.54', '1.94', '0.21', '0.87'),
(158, 'Super Smash Bros.', 'N64', 9, 10, 206, '21.00', '2.95', '0.60', '1.97', '0.04'),
(159, 'Assassin\'s Creed', 'X360', 10, 11, 326, '29.00', '3.28', '1.65', '0.07', '0.55'),
(160, 'Batman: Arkham City', 'PS3', 18, 9, 363, '29.00', '2.70', '1.90', '0.11', '0.80'),
(161, 'Forza Motorsport 3', 'X360', 4, 3, 186, '15.09', '2.99', '1.91', '0.10', '0.51'),
(162, 'Monster Hunter Freedom Unite', 'PSP', 3, 4, 65, '26.00', '0.47', '0.57', '4.13', '0.34'),
(163, 'Super Mario Advance', 'GBA', 17, 2, 206, '26.40', '3.14', '1.24', '0.91', '0.20'),
(164, 'Mario Kart: Super Circuit', 'GBA', 17, 3, 206, '26.00', '2.62', '1.64', '0.99', '0.23'),
(165, 'Super Mario World', 'GBA', 17, 2, 206, '30.00', '3.21', '1.11', '0.95', '0.20'),
(166, 'Pokemon Stadium', 'N64', 9, 12, 206, '10.62', '3.18', '1.24', '0.94', '0.09'),
(167, 'Call of Duty: World at War', 'PS3', 3, 7, 15, '35.29', '2.72', '1.86', '0.00', '0.84'),
(169, 'Final Fantasy XIII', 'PS3', 4, 4, 291, '30.00', '1.74', '1.23', '1.87', '0.52'),
(170, 'Dr. Mario', 'GB', 6, 5, 206, '16.17', '2.18', '0.96', '2.00', '0.20'),
(171, 'Pokemon Pinball', 'GB', 9, 6, 206, '21.29', '3.02', '1.12', '1.01', '0.16'),
(172, 'Assassin\'s Creed III', 'X360', 20, 9, 326, '29.00', '3.12', '1.71', '0.03', '0.44'),
(173, 'Final Fantasy IX', 'PS', 30, 4, 364, '26.00', '1.62', '0.77', '2.78', '0.14'),
(174, 'Final Fantasy X-2', 'PS2', 28, 4, 94, '22.00', '1.92', '1.08', '2.11', '0.17'),
(175, 'Donkey Kong 64', 'N64', 9, 2, 206, '24.00', '3.33', '0.79', '1.09', '0.06'),
(176, 'Assassin\'s Creed II', 'X360', 4, 9, 326, '17.38', '3.10', '1.56', '0.08', '0.51'),
(177, 'Professor Layton and the Curious Village', 'DS', 10, 5, 206, '30.00', '1.22', '2.47', '1.03', '0.53'),
(178, 'Minecraft', 'PS3', 23, 6, 279, '21.00', '1.90', '2.44', '0.00', '0.91'),
(179, 'Tomb Raider II', 'PS', 24, 9, 91, '17.72', '2.30', '2.46', '0.20', '0.28'),
(180, 'Madden NFL 2004', 'PS2', 31, 1, 94, '14.20', '4.26', '0.26', '0.01', '0.71'),
(181, 'Dragon Quest VIII: Journey of the Cursed King', 'PS2', 13, 4, 291, '22.00', '0.65', '0.75', '3.61', '0.20'),
(182, 'Super Mario Bros. 3', 'GBA', 28, 2, 206, '33.19', '2.93', '1.25', '0.83', '0.20'),
(183, 'Super Mario Land 3: Wario Land', 'GB', 26, 2, 206, '17.55', '2.49', '0.98', '1.57', '0.15'),
(184, 'FIFA Soccer 13', 'X360', 20, 9, 94, '14.63', '1.08', '3.48', '0.03', '0.58'),
(185, 'Diablo III', 'PC', 20, 4, 15, '28.00', '2.41', '2.13', '0.00', '0.62'),
(186, 'The Legend of Zelda: Phantom Hourglass', 'DS', 10, 9, 206, '17.26', '1.90', '1.82', '0.95', '0.49'),
(187, 'New Super Mario Bros. U', 'WiiU', 20, 2, 206, '23.00', '2.33', '1.25', '1.27', '0.31'),
(188, 'Donkey Kong Country 2: Diddy\'s Kong Quest', 'SNES', 32, 2, 206, '21.00', '2.10', '0.74', '2.20', '0.11'),
(189, 'Medal of Honor: Rising Sun', 'PS2', 28, 7, 94, '27.00', '1.98', '2.23', '0.13', '0.80'),
(190, 'Kirby\'s Dream Land', 'GB', 22, 2, 206, '21.00', '2.71', '0.61', '1.70', '0.11'),
(191, 'Mario & Sonic at the Olympic Games', 'DS', 3, 1, 258, '21.00', '1.64', '2.47', '0.44', '0.58'),
(192, 'Fable III', 'X360', 11, 4, 186, '24.00', '3.59', '1.11', '0.05', '0.38'),
(193, 'Microsoft Flight Simulator', 'PC', 5, 8, 186, '28.00', '3.22', '1.69', '0.00', '0.20'),
(194, 'Guitar Hero II', 'PS2', 1, 6, 15, '13.42', '3.81', '0.63', '0.00', '0.68'),
(195, 'Resident Evil 5', 'PS3', 4, 9, 65, '26.46', '1.96', '1.42', '1.08', '0.64'),
(196, 'Call of Duty: Advanced Warfare', 'XOne', 23, 7, 15, '25.00', '3.19', '1.52', '0.01', '0.38'),
(197, 'FIFA Soccer 11', 'PS3', 11, 1, 94, '42.86', '0.60', '3.29', '0.06', '1.13'),
(198, 'Grand Theft Auto: Vice City Stories', 'PSP', 1, 9, 301, '21.00', '1.70', '2.01', '0.16', '1.21'),
(199, 'Super Mario Bros.', 'GB', 9, 2, 206, '21.00', '3.40', '1.30', '0.15', '0.22'),
(200, 'Resident Evil', 'PS', 5, 9, 362, '29.00', '2.05', '1.16', '1.11', '0.73');

-- --------------------------------------------------------

--
-- Table structure for table `genre`
--

CREATE TABLE `genre` (
  `genreid` int(11) NOT NULL,
  `genre` varchar(12) CHARACTER SET utf8 DEFAULT NULL
) ENGINE=InnoDB DEFAULT CHARSET=latin1;

--
-- Dumping data for table `genre`
--

INSERT INTO `genre` (`genreid`, `genre`) VALUES
(1, 'Sports'),
(2, 'Platform'),
(3, 'Racing'),
(4, 'Role-Playing'),
(5, 'Puzzle'),
(6, 'Misc'),
(7, 'Shooter'),
(8, 'Simulation'),
(9, 'Action'),
(10, 'Fighting'),
(11, 'Adventure'),
(12, 'Strategy');

-- --------------------------------------------------------

--
-- Table structure for table `orderdetails`
--

CREATE TABLE `orderdetails` (
  `orderNumber` int(11) NOT NULL,
  `gameid` int(11) NOT NULL,
  `quantityOrdered` int(11) NOT NULL,
  `priceEach` decimal(10,2) NOT NULL,
  `orderLineNumber` smallint(6) NOT NULL
) ENGINE=InnoDB DEFAULT CHARSET=latin1;

--
-- Dumping data for table `orderdetails`
--

INSERT INTO `orderdetails` (`orderNumber`, `gameid`, `quantityOrdered`, `priceEach`, `orderLineNumber`) VALUES
(10100, 99, 6, '27.20', 3),
(10100, 127, 10, '11.02', 2),
(10100, 167, 10, '35.29', 1),
(10101, 83, 9, '32.53', 3),
(10101, 86, 9, '8.87', 2),
(10101, 131, 5, '21.61', 4),
(10101, 157, 5, '33.41', 1),
(10102, 77, 8, '19.11', 2),
(10102, 78, 8, '8.63', 1),
(10103, 2, 8, '18.81', 6),
(10103, 42, 6, '18.49', 3),
(10103, 63, 7, '18.90', 10),
(10103, 98, 7, '21.47', 1),
(10103, 112, 9, '12.67', 7),
(10103, 137, 4, '11.67', 2),
(10103, 141, 5, '24.33', 8),
(10103, 176, 5, '17.38', 13),
(10103, 179, 5, '17.72', 15),
(10103, 186, 9, '17.26', 16),
(10103, 197, 5, '42.86', 11),
(10104, 30, 7, '22.92', 7),
(10104, 32, 6, '10.66', 2),
(10104, 62, 7, '10.40', 6),
(10104, 80, 7, '10.39', 11),
(10104, 102, 10, '11.31', 4),
(10104, 120, 9, '30.41', 10),
(10104, 126, 5, '27.18', 8),
(10104, 131, 6, '24.55', 12),
(10104, 171, 5, '21.29', 5),
(10104, 182, 5, '33.19', 13),
(10105, 47, 5, '8.95', 8),
(10105, 86, 9, '23.59', 9),
(10105, 94, 8, '41.14', 15),
(10105, 133, 9, '14.69', 4),
(10105, 161, 10, '15.09', 1),
(10105, 176, 4, '27.32', 11),
(10105, 183, 8, '17.55', 13),
(10106, 19, 10, '8.74', 15),
(10106, 29, 8, '35.78', 6),
(10106, 76, 6, '21.45', 4),
(10106, 94, 7, '26.81', 12),
(10106, 120, 10, '13.15', 13),
(10106, 136, 7, '13.07', 5),
(10106, 144, 6, '11.18', 14),
(10106, 145, 7, '16.22', 2),
(10106, 167, 10, '11.19', 11),
(10106, 170, 8, '16.17', 18),
(10106, 180, 5, '14.20', 3),
(10107, 45, 4, '17.78', 8),
(10107, 68, 5, '19.38', 3),
(10107, 85, 8, '14.62', 7),
(10107, 148, 6, '10.54', 6),
(10107, 170, 6, '16.27', 2),
(10108, 71, 5, '36.21', 13),
(10108, 94, 7, '33.08', 6),
(10108, 96, 7, '14.97', 14),
(10108, 100, 7, '12.88', 15),
(10108, 107, 8, '13.55', 2),
(10108, 163, 8, '26.40', 1),
(10108, 184, 5, '14.63', 9),
(10108, 194, 6, '13.42', 10),
(10108, 195, 6, '26.46', 8),
(10109, 65, 5, '23.50', 4),
(10109, 112, 8, '27.60', 3),
(10109, 126, 6, '32.10', 6),
(10109, 161, 5, '25.34', 1),
(10109, 182, 9, '32.17', 5),
(10110, 46, 7, '14.40', 13),
(10110, 70, 6, '8.65', 15),
(10110, 83, 4, '28.88', 3),
(10110, 86, 8, '8.15', 2),
(10110, 90, 7, '23.64', 16),
(10110, 99, 8, '30.60', 7),
(10110, 117, 9, '16.54', 11),
(10110, 122, 9, '22.55', 10),
(10110, 127, 6, '10.29', 6),
(10110, 131, 7, '23.14', 4),
(10110, 135, 5, '16.09', 12),
(10110, 145, 7, '19.27', 14),
(10110, 157, 6, '32.74', 1),
(10110, 167, 10, '35.29', 5),
(10111, 77, 7, '17.47', 6),
(10111, 78, 10, '9.70', 5),
(10111, 166, 6, '10.62', 2),
(10111, 176, 9, '18.85', 1),
(10111, 179, 5, '17.14', 3),
(10111, 186, 8, '18.25', 4),
(10112, 166, 5, '17.02', 2),
(10112, 197, 6, '39.43', 1),
(10113, 63, 10, '20.30', 4),
(10113, 112, 5, '11.76', 1),
(10113, 141, 4, '24.33', 2),
(10114, 2, 8, '16.59', 10),
(10114, 42, 6, '17.72', 7),
(10114, 80, 6, '8.77', 2),
(10114, 98, 4, '20.45', 5),
(10114, 120, 5, '28.64', 1),
(10114, 131, 8, '21.36', 3),
(10114, 137, 9, '10.70', 6),
(10114, 182, 10, '33.87', 4),
(10115, 30, 5, '20.14', 3),
(10115, 62, 9, '11.33', 2),
(10115, 126, 9, '28.16', 4),
(10115, 171, 9, '21.29', 1),
(10116, 102, 5, '12.06', 1),
(10117, 32, 4, '11.13', 11),
(10117, 47, 10, '10.48', 2),
(10117, 86, 8, '23.84', 3),
(10117, 94, 7, '39.07', 9),
(10117, 176, 5, '24.31', 5),
(10117, 183, 4, '16.34', 7),
(10118, 2, 7, '17.23', 1),
(10119, 19, 6, '8.04', 6),
(10119, 94, 9, '30.28', 3),
(10119, 120, 8, '12.88', 4),
(10119, 133, 7, '14.52', 13),
(10119, 144, 4, '12.62', 5),
(10119, 161, 7, '16.44', 10),
(10119, 167, 6, '12.42', 2),
(10119, 170, 4, '14.97', 9),
(10120, 29, 10, '8.29', 12),
(10120, 45, 4, '18.98', 6),
(10120, 68, 7, '22.09', 1),
(10120, 76, 8, '18.60', 10),
(10120, 85, 7, '14.47', 5),
(10120, 136, 6, '13.76', 11),
(10120, 145, 6, '16.56', 8),
(10120, 148, 9, '11.51', 4),
(10120, 180, 6, '14.35', 9),
(10121, 96, 9, '14.48', 1),
(10121, 100, 6, '11.64', 2),
(10121, 142, 5, '19.19', 3),
(10121, 170, 7, '17.23', 5),
(10122, 65, 7, '22.93', 2),
(10122, 71, 6, '33.79', 17),
(10122, 94, 8, '31.13', 10),
(10122, 107, 9, '12.47', 6),
(10122, 112, 6, '22.76', 1),
(10122, 126, 8, '34.74', 4),
(10122, 142, 7, '10.16', 9),
(10122, 163, 9, '27.24', 5),
(10122, 182, 5, '27.43', 3),
(10122, 184, 4, '13.83', 13),
(10122, 194, 6, '13.42', 14),
(10122, 195, 4, '26.75', 12),
(10123, 70, 10, '8.65', 1),
(10123, 90, 5, '24.14', 2),
(10123, 161, 9, '22.97', 3),
(10124, 46, 4, '12.49', 12),
(10124, 83, 9, '30.53', 2),
(10124, 86, 4, '36.29', 1),
(10124, 99, 4, '30.60', 6),
(10124, 117, 6, '14.90', 10),
(10124, 122, 5, '18.79', 9),
(10124, 127, 8, '11.62', 5),
(10124, 131, 8, '22.37', 3),
(10124, 135, 10, '15.24', 11),
(10124, 145, 9, '20.35', 13),
(10124, 167, 9, '36.11', 4),
(10125, 77, 6, '17.88', 1),
(10125, 157, 7, '27.68', 2),
(10126, 2, 9, '19.42', 6),
(10126, 42, 9, '16.57', 3),
(10126, 63, 8, '23.33', 10),
(10126, 78, 8, '10.24', 17),
(10126, 98, 5, '24.54', 1),
(10126, 112, 5, '12.41', 7),
(10126, 137, 9, '10.21', 2),
(10126, 141, 4, '27.06', 8),
(10126, 176, 6, '18.64', 13),
(10126, 179, 7, '16.75', 15),
(10126, 186, 8, '18.85', 16),
(10126, 197, 8, '41.15', 11),
(10127, 30, 9, '22.22', 9),
(10127, 32, 9, '11.13', 4),
(10127, 62, 4, '10.17', 8),
(10127, 80, 9, '9.31', 13),
(10127, 94, 9, '38.65', 2),
(10127, 102, 6, '12.18', 6),
(10127, 120, 8, '34.30', 12),
(10127, 126, 9, '28.16', 10),
(10127, 131, 9, '22.83', 14),
(10127, 171, 4, '21.53', 7),
(10127, 182, 4, '29.80', 15),
(10128, 2, 6, '14.55', 3),
(10128, 176, 8, '24.04', 2),
(10128, 183, 8, '16.13', 4),
(10129, 47, 6, '8.85', 8),
(10129, 86, 9, '22.61', 9),
(10129, 133, 8, '16.29', 4),
(10129, 161, 10, '15.26', 1),
(10130, 170, 8, '13.76', 2),
(10131, 19, 4, '8.04', 7),
(10131, 94, 4, '28.38', 4),
(10131, 120, 7, '12.19', 5),
(10131, 144, 6, '10.52', 6),
(10131, 167, 10, '10.92', 3),
(10132, 2, 7, '16.00', 1),
(10133, 29, 5, '37.09', 7),
(10133, 45, 5, '16.18', 1),
(10133, 76, 8, '21.88', 5),
(10133, 136, 10, '13.48', 6),
(10133, 145, 10, '16.05', 3),
(10133, 180, 9, '12.32', 4),
(10134, 68, 7, '18.93', 3),
(10134, 85, 9, '15.08', 7),
(10134, 148, 6, '10.30', 6),
(10134, 170, 8, '18.18', 2),
(10135, 71, 7, '38.62', 14),
(10135, 94, 8, '34.63', 7),
(10135, 96, 9, '15.78', 15),
(10135, 100, 6, '13.44', 16),
(10135, 107, 10, '13.40', 3),
(10135, 126, 4, '34.36', 1),
(10135, 163, 9, '27.81', 2),
(10135, 184, 9, '13.19', 10),
(10135, 194, 5, '15.36', 11),
(10135, 195, 8, '27.93', 9),
(10136, 65, 5, '23.50', 2),
(10136, 112, 7, '24.18', 1),
(10136, 182, 8, '33.87', 3),
(10137, 70, 5, '8.05', 1),
(10137, 90, 9, '23.15', 2),
(10137, 161, 7, '22.18', 3),
(10138, 46, 9, '11.91', 12),
(10138, 83, 4, '33.19', 2),
(10138, 86, 7, '38.53', 1),
(10138, 99, 7, '29.92', 6),
(10138, 117, 6, '14.72', 10),
(10138, 122, 6, '19.26', 9),
(10138, 127, 4, '10.29', 5),
(10138, 131, 8, '22.88', 3),
(10138, 135, 10, '15.41', 11),
(10138, 145, 4, '19.92', 13),
(10138, 167, 6, '32.82', 4),
(10139, 77, 6, '17.88', 7),
(10139, 78, 10, '10.57', 6),
(10139, 157, 8, '30.38', 8),
(10139, 176, 4, '20.32', 2),
(10139, 179, 6, '18.70', 4),
(10139, 186, 6, '16.27', 5),
(10140, 2, 7, '20.23', 6),
(10140, 42, 5, '17.53', 3),
(10140, 63, 6, '19.13', 10),
(10140, 98, 9, '23.77', 1),
(10140, 112, 6, '12.41', 7),
(10140, 137, 9, '10.21', 2),
(10140, 141, 8, '23.78', 8),
(10140, 197, 7, '37.29', 11),
(10141, 30, 9, '18.98', 3),
(10141, 62, 4, '10.17', 2),
(10141, 80, 5, '10.61', 7),
(10141, 120, 4, '32.18', 6),
(10141, 126, 8, '32.09', 4),
(10141, 131, 9, '20.62', 8),
(10141, 171, 8, '20.82', 1),
(10141, 182, 7, '28.79', 9),
(10142, 32, 8, '11.25', 14),
(10142, 47, 8, '9.39', 5),
(10142, 86, 7, '22.86', 6),
(10142, 94, 7, '33.25', 12),
(10142, 102, 8, '12.18', 16),
(10142, 133, 10, '14.87', 1),
(10142, 176, 9, '25.95', 8),
(10142, 183, 4, '19.16', 10),
(10143, 19, 7, '9.93', 10),
(10143, 29, 7, '34.91', 1),
(10143, 94, 6, '25.23', 7),
(10143, 120, 5, '12.74', 8),
(10143, 144, 7, '11.97', 9),
(10143, 161, 5, '14.93', 14),
(10143, 167, 6, '11.19', 6),
(10143, 170, 9, '14.11', 13),
(10144, 136, 4, '11.28', 1),
(10145, 2, 4, '22.78', 13),
(10145, 45, 7, '19.98', 12),
(10145, 68, 9, '20.74', 7),
(10145, 71, 6, '39.43', 1),
(10145, 76, 8, '17.51', 16),
(10145, 85, 9, '12.80', 11),
(10145, 96, 8, '14.64', 2),
(10145, 100, 5, '11.22', 3),
(10145, 142, 5, '19.19', 4),
(10145, 145, 6, '14.36', 14),
(10145, 148, 6, '10.54', 10),
(10145, 170, 9, '15.31', 6),
(10145, 180, 7, '14.35', 15),
(10147, 94, 10, '32.30', 7),
(10147, 107, 5, '14.17', 3),
(10147, 126, 5, '33.23', 1),
(10147, 142, 6, '9.80', 6),
(10147, 163, 5, '24.72', 2),
(10147, 184, 7, '14.96', 10),
(10147, 194, 6, '14.55', 11),
(10147, 195, 7, '25.87', 9),
(10148, 46, 5, '13.08', 6),
(10148, 65, 5, '22.93', 13),
(10148, 70, 9, '9.26', 8),
(10148, 90, 9, '21.65', 9),
(10148, 112, 5, '27.31', 12),
(10148, 117, 4, '15.45', 4),
(10148, 122, 7, '23.02', 3),
(10148, 135, 6, '14.38', 5),
(10148, 145, 5, '19.27', 7),
(10148, 161, 5, '22.70', 10),
(10148, 182, 6, '28.79', 14),
(10149, 77, 10, '17.47', 4),
(10149, 78, 6, '9.70', 3),
(10149, 83, 7, '31.20', 7),
(10149, 86, 10, '39.87', 6),
(10149, 99, 7, '31.28', 11),
(10149, 127, 5, '10.17', 10),
(10149, 131, 7, '25.17', 8),
(10149, 157, 5, '33.41', 5),
(10149, 167, 5, '38.57', 9),
(10149, 179, 4, '18.11', 1),
(10149, 186, 8, '17.86', 2),
(10150, 2, 4, '19.02', 3),
(10150, 63, 7, '19.13', 7),
(10150, 112, 10, '12.41', 4),
(10150, 141, 6, '27.06', 5),
(10150, 176, 5, '19.48', 10),
(10150, 197, 9, '36.43', 8),
(10151, 30, 5, '21.76', 1),
(10151, 42, 5, '16.95', 10),
(10151, 80, 8, '8.66', 5),
(10151, 98, 8, '21.98', 8),
(10151, 120, 6, '29.35', 4),
(10151, 126, 9, '30.45', 2),
(10151, 131, 10, '21.36', 6),
(10151, 137, 8, '11.67', 9),
(10151, 182, 4, '33.53', 7),
(10152, 62, 5, '9.83', 4),
(10152, 102, 7, '11.43', 2),
(10152, 171, 5, '22.47', 3),
(10153, 32, 6, '10.66', 13),
(10153, 47, 10, '10.37', 4),
(10153, 86, 8, '22.37', 5),
(10153, 94, 4, '40.31', 11),
(10153, 176, 6, '25.13', 7),
(10153, 183, 6, '16.54', 9),
(10154, 2, 7, '11.85', 1),
(10154, 133, 6, '15.05', 2),
(10155, 19, 7, '9.83', 8),
(10155, 94, 8, '27.75', 5),
(10155, 120, 5, '12.47', 6),
(10155, 144, 7, '11.31', 7),
(10155, 161, 7, '15.26', 12),
(10155, 167, 9, '11.74', 4),
(10155, 170, 9, '16.69', 11),
(10156, 2, 10, '15.53', 2),
(10156, 29, 4, '8.73', 1),
(10157, 2, 10, '21.83', 2),
(10157, 45, 7, '16.78', 1),
(10157, 76, 8, '17.94', 5),
(10157, 136, 6, '11.28', 6),
(10157, 145, 7, '13.85', 3),
(10157, 180, 7, '13.33', 4),
(10158, 85, 4, '13.56', 1),
(10159, 68, 9, '20.06', 15),
(10159, 71, 7, '39.43', 9),
(10159, 94, 8, '37.75', 2),
(10159, 96, 6, '15.62', 10),
(10159, 100, 5, '13.44', 11),
(10159, 148, 8, '10.30', 18),
(10159, 170, 10, '16.27', 14),
(10159, 184, 4, '13.35', 5),
(10159, 194, 5, '16.17', 6),
(10159, 195, 5, '25.87', 4),
(10160, 107, 8, '14.17', 4),
(10160, 126, 8, '30.59', 2),
(10160, 163, 7, '26.12', 3),
(10160, 182, 4, '28.11', 1),
(10161, 46, 7, '14.70', 5),
(10161, 65, 6, '24.34', 12),
(10161, 70, 5, '9.46', 7),
(10161, 90, 9, '20.41', 8),
(10161, 112, 10, '27.88', 11),
(10161, 117, 4, '16.54', 3),
(10161, 122, 5, '21.61', 2),
(10161, 135, 4, '14.55', 4),
(10161, 145, 6, '18.85', 6),
(10161, 161, 5, '25.08', 9),
(10162, 77, 10, '17.47', 2),
(10162, 78, 9, '9.06', 1),
(10162, 83, 7, '27.55', 5),
(10162, 86, 9, '38.98', 4),
(10162, 99, 6, '28.22', 9),
(10162, 127, 5, '10.66', 8),
(10162, 131, 8, '22.63', 6),
(10162, 157, 10, '31.39', 3),
(10162, 167, 7, '32.82', 7),
(10163, 176, 8, '20.32', 3),
(10163, 179, 8, '19.28', 5),
(10163, 186, 9, '16.07', 6),
(10163, 197, 4, '42.43', 1),
(10164, 2, 8, '17.40', 4),
(10164, 42, 5, '18.30', 1),
(10164, 63, 7, '20.77', 8),
(10164, 112, 10, '11.51', 5),
(10164, 141, 10, '24.33', 6),
(10165, 30, 10, '21.30', 10),
(10165, 32, 8, '9.84', 5),
(10165, 62, 5, '9.36', 9),
(10165, 80, 10, '10.17', 14),
(10165, 94, 9, '33.66', 3),
(10165, 98, 6, '23.51', 17),
(10165, 102, 9, '11.06', 7),
(10165, 120, 5, '31.12', 13),
(10165, 126, 6, '26.85', 11),
(10165, 131, 9, '24.06', 15),
(10165, 137, 6, '12.15', 18),
(10165, 171, 5, '21.29', 8),
(10165, 182, 9, '30.82', 16),
(10165, 183, 10, '16.94', 1),
(10166, 2, 6, '15.24', 3),
(10166, 176, 9, '27.32', 2),
(10167, 19, 8, '8.54', 4),
(10167, 47, 8, '8.74', 15),
(10167, 86, 7, '22.12', 16),
(10167, 94, 9, '28.38', 1),
(10167, 120, 4, '10.96', 2),
(10167, 133, 4, '15.40', 11),
(10167, 144, 6, '12.89', 3),
(10167, 161, 6, '14.76', 8),
(10167, 170, 9, '13.94', 7),
(10168, 29, 10, '39.71', 13),
(10168, 45, 6, '17.98', 7),
(10168, 68, 10, '20.74', 2),
(10168, 76, 10, '18.60', 11),
(10168, 85, 6, '14.47', 6),
(10168, 136, 6, '11.56', 12),
(10168, 145, 4, '15.04', 9),
(10168, 148, 9, '9.81', 5),
(10168, 167, 5, '11.46', 18),
(10168, 170, 7, '18.95', 1),
(10168, 180, 10, '13.62', 10),
(10169, 71, 5, '37.01', 9),
(10169, 94, 6, '32.69', 2),
(10169, 96, 10, '15.13', 10),
(10169, 100, 8, '13.30', 11),
(10169, 184, 6, '13.03', 5),
(10169, 194, 5, '15.52', 6),
(10169, 195, 7, '27.34', 4),
(10170, 107, 4, '14.01', 2),
(10170, 163, 7, '26.12', 1),
(10171, 65, 7, '26.89', 2),
(10171, 112, 7, '25.61', 1),
(10171, 126, 7, '34.74', 4),
(10171, 182, 8, '33.19', 3),
(10172, 46, 6, '12.20', 3),
(10172, 70, 7, '8.65', 5),
(10172, 90, 8, '21.90', 6),
(10172, 117, 4, '15.99', 1),
(10172, 135, 5, '15.58', 2),
(10172, 145, 4, '17.56', 4),
(10172, 161, 8, '23.50', 7),
(10173, 77, 9, '20.34', 6),
(10173, 78, 10, '10.35', 5),
(10173, 83, 6, '29.87', 9),
(10173, 86, 5, '39.42', 8),
(10173, 99, 5, '33.66', 13),
(10173, 122, 5, '19.73', 16),
(10173, 127, 5, '11.02', 12),
(10173, 131, 6, '25.43', 10),
(10173, 157, 4, '28.01', 7),
(10173, 166, 6, '11.37', 2),
(10173, 167, 7, '35.70', 11),
(10173, 176, 6, '17.38', 1),
(10173, 179, 4, '18.70', 3),
(10173, 186, 6, '18.06', 4),
(10174, 63, 10, '21.70', 3),
(10174, 141, 9, '22.69', 1),
(10174, 166, 9, '20.06', 5),
(10174, 197, 7, '41.57', 4),
(10175, 2, 8, '16.18', 11),
(10175, 42, 4, '17.91', 8),
(10175, 80, 10, '10.17', 3),
(10175, 98, 6, '24.28', 6),
(10175, 112, 6, '11.25', 12),
(10175, 120, 7, '32.18', 2),
(10175, 131, 10, '20.37', 4),
(10175, 137, 8, '11.91', 7),
(10175, 182, 6, '30.14', 5),
(10176, 30, 5, '21.99', 9),
(10176, 32, 8, '10.43', 4),
(10176, 62, 5, '11.10', 8),
(10176, 94, 7, '33.25', 2),
(10176, 102, 4, '12.43', 6),
(10176, 126, 4, '27.83', 10),
(10176, 171, 6, '20.34', 7),
(10177, 47, 8, '10.59', 6),
(10177, 86, 10, '23.10', 7),
(10177, 133, 9, '15.93', 2),
(10177, 176, 5, '22.67', 9),
(10177, 183, 6, '18.55', 11),
(10178, 19, 9, '8.34', 7),
(10178, 94, 8, '25.55', 4),
(10178, 120, 7, '13.56', 5),
(10178, 144, 5, '13.15', 6),
(10178, 161, 4, '13.75', 11),
(10178, 167, 6, '12.83', 3),
(10178, 170, 8, '14.11', 10),
(10179, 29, 7, '8.64', 7),
(10179, 45, 9, '17.38', 1),
(10179, 76, 9, '21.01', 5),
(10179, 136, 5, '12.79', 6),
(10179, 145, 5, '16.56', 3),
(10179, 180, 5, '13.33', 4),
(10180, 68, 10, '19.61', 10),
(10180, 71, 7, '33.39', 4),
(10180, 85, 6, '12.34', 14),
(10180, 96, 4, '14.97', 5),
(10180, 100, 7, '12.19', 6),
(10180, 142, 4, '20.41', 7),
(10180, 148, 5, '9.69', 13),
(10180, 170, 6, '15.31', 9),
(10180, 194, 6, '13.74', 1),
(10181, 65, 9, '24.91', 6),
(10181, 70, 7, '9.06', 1),
(10181, 90, 8, '24.89', 2),
(10181, 94, 5, '31.13', 14),
(10181, 107, 4, '14.94', 10),
(10181, 112, 4, '25.89', 5),
(10181, 126, 7, '32.85', 8),
(10181, 142, 5, '10.90', 13),
(10181, 161, 5, '26.14', 3),
(10181, 163, 5, '24.43', 9),
(10181, 182, 9, '29.47', 7),
(10181, 184, 6, '14.63', 17),
(10181, 195, 4, '24.11', 16),
(10182, 46, 9, '12.64', 16),
(10182, 77, 5, '16.64', 3),
(10182, 78, 6, '8.84', 2),
(10182, 83, 8, '31.86', 6),
(10182, 86, 6, '39.87', 5),
(10182, 99, 9, '31.96', 10),
(10182, 117, 7, '17.45', 14),
(10182, 122, 4, '23.25', 13),
(10182, 127, 8, '10.90', 9),
(10182, 131, 4, '21.10', 7),
(10182, 135, 7, '14.72', 15),
(10182, 145, 10, '19.06', 17),
(10182, 157, 4, '27.00', 4),
(10182, 167, 5, '34.88', 8),
(10182, 186, 7, '17.26', 1),
(10183, 2, 5, '17.20', 3),
(10183, 63, 4, '21.70', 7),
(10183, 112, 10, '10.47', 4),
(10183, 141, 8, '22.96', 5),
(10183, 176, 4, '18.01', 10),
(10183, 179, 9, '16.36', 12),
(10183, 197, 5, '36.00', 8),
(10184, 30, 9, '18.52', 4),
(10184, 42, 9, '16.95', 13),
(10184, 62, 6, '11.44', 3),
(10184, 80, 7, '10.50', 8),
(10184, 98, 5, '23.51', 11),
(10184, 102, 10, '11.81', 1),
(10184, 120, 8, '30.06', 7),
(10184, 126, 9, '29.14', 5),
(10184, 131, 9, '23.81', 9),
(10184, 137, 9, '12.15', 12),
(10184, 171, 10, '22.95', 2),
(10184, 182, 6, '33.19', 10),
(10185, 32, 4, '9.37', 15),
(10185, 47, 6, '9.50', 6),
(10185, 86, 6, '21.14', 7),
(10185, 94, 4, '39.07', 13),
(10185, 133, 7, '16.64', 2),
(10185, 176, 6, '24.86', 9),
(10185, 183, 10, '18.96', 11),
(10186, 2, 5, '16.11', 5),
(10186, 19, 6, '8.54', 4),
(10186, 94, 6, '27.44', 1),
(10186, 120, 4, '12.06', 2),
(10186, 144, 4, '11.97', 3),
(10186, 161, 7, '13.75', 8),
(10186, 170, 6, '14.62', 7),
(10187, 29, 8, '39.71', 5),
(10187, 76, 9, '19.26', 3),
(10187, 136, 6, '12.24', 4),
(10187, 145, 9, '14.02', 1),
(10187, 167, 9, '11.19', 10),
(10187, 180, 7, '12.90', 2),
(10188, 2, 6, '19.22', 8),
(10188, 45, 9, '16.38', 7),
(10188, 68, 5, '19.16', 2),
(10188, 85, 8, '12.34', 6),
(10188, 148, 6, '10.42', 5),
(10188, 170, 10, '19.14', 1),
(10190, 71, 9, '38.62', 1),
(10190, 96, 8, '13.51', 2),
(10190, 100, 8, '11.77', 3),
(10190, 142, 8, '17.96', 4),
(10191, 94, 4, '31.13', 3),
(10191, 142, 10, '10.65', 2),
(10191, 184, 7, '15.12', 6),
(10191, 194, 9, '15.52', 7),
(10191, 195, 5, '23.81', 5),
(10192, 46, 7, '14.40', 4),
(10192, 65, 4, '28.02', 11),
(10192, 70, 9, '9.86', 6),
(10192, 90, 6, '20.16', 7),
(10192, 107, 9, '14.17', 15),
(10192, 112, 9, '25.61', 10),
(10192, 117, 9, '17.27', 2),
(10192, 122, 5, '22.55', 1),
(10192, 126, 6, '33.23', 13),
(10192, 135, 6, '13.87', 3),
(10192, 145, 9, '18.63', 5),
(10192, 161, 8, '22.18', 8),
(10192, 163, 9, '22.47', 14),
(10192, 182, 5, '27.43', 12),
(10193, 77, 6, '18.49', 7),
(10193, 78, 9, '9.27', 6),
(10193, 83, 5, '32.19', 10),
(10193, 86, 4, '8.96', 9),
(10193, 99, 4, '30.60', 14),
(10193, 127, 8, '12.11', 13),
(10193, 131, 9, '23.14', 11),
(10193, 157, 4, '28.69', 8),
(10193, 167, 4, '38.16', 12),
(10193, 176, 5, '19.48', 2),
(10193, 179, 4, '18.50', 4),
(10193, 186, 6, '15.87', 5),
(10194, 2, 5, '16.18', 6),
(10194, 42, 7, '15.41', 3),
(10194, 63, 4, '20.77', 10),
(10194, 98, 10, '22.49', 1),
(10194, 112, 8, '12.28', 7),
(10194, 137, 9, '10.21', 2),
(10194, 141, 8, '24.87', 8),
(10194, 197, 8, '40.72', 11),
(10195, 30, 10, '19.45', 4),
(10195, 62, 9, '10.87', 3),
(10195, 80, 6, '10.39', 8),
(10195, 102, 7, '11.81', 1),
(10195, 120, 6, '31.82', 7),
(10195, 126, 5, '27.83', 5),
(10195, 131, 7, '22.58', 9),
(10195, 171, 7, '19.16', 2),
(10195, 182, 10, '30.14', 10),
(10196, 2, 10, '16.98', 2),
(10196, 32, 9, '11.36', 7),
(10196, 94, 9, '40.73', 5),
(10196, 176, 10, '25.41', 1),
(10196, 183, 7, '16.34', 3),
(10197, 19, 6, '39.73', 1),
(10197, 47, 8, '9.72', 12),
(10197, 86, 8, '21.87', 13),
(10197, 133, 9, '16.64', 8),
(10197, 161, 4, '13.59', 5),
(10197, 170, 9, '16.69', 4),
(10198, 94, 8, '29.96', 4),
(10198, 120, 10, '12.19', 5),
(10198, 144, 5, '12.36', 6),
(10198, 167, 9, '13.10', 3),
(10199, 29, 6, '37.97', 1),
(10200, 2, 8, '23.02', 2),
(10200, 45, 7, '16.18', 1),
(10200, 76, 7, '19.91', 5),
(10200, 136, 5, '13.07', 6),
(10200, 145, 6, '14.87', 3),
(10200, 180, 8, '14.06', 4),
(10201, 68, 8, '18.71', 3),
(10201, 85, 5, '13.25', 7),
(10201, 148, 6, '9.69', 6),
(10201, 170, 4, '16.46', 2),
(10202, 71, 5, '33.39', 4),
(10202, 96, 8, '15.95', 5),
(10202, 100, 10, '11.22', 6),
(10202, 142, 6, '16.33', 7),
(10202, 194, 10, '15.04', 1),
(10203, 94, 4, '32.30', 8),
(10203, 107, 9, '14.63', 4),
(10203, 126, 4, '33.23', 2),
(10203, 142, 7, '11.39', 7),
(10203, 163, 9, '28.09', 3),
(10203, 182, 10, '31.50', 1),
(10203, 184, 7, '13.35', 11),
(10203, 195, 6, '25.58', 10),
(10204, 46, 4, '13.96', 10),
(10204, 65, 8, '22.93', 17),
(10204, 70, 9, '9.36', 12),
(10204, 90, 8, '22.65', 13),
(10204, 99, 7, '30.60', 4),
(10204, 112, 8, '26.74', 16),
(10204, 117, 9, '15.81', 8),
(10204, 122, 8, '22.55', 7),
(10204, 127, 5, '11.87', 3),
(10204, 131, 5, '23.90', 1),
(10204, 135, 8, '16.95', 9),
(10204, 145, 10, '20.99', 11),
(10204, 161, 5, '21.38', 14),
(10204, 167, 8, '34.88', 2),
(10205, 77, 7, '19.73', 2),
(10205, 78, 10, '9.16', 1),
(10205, 83, 6, '27.88', 5),
(10205, 86, 5, '36.74', 4),
(10205, 157, 8, '27.68', 3),
(10206, 2, 7, '17.80', 1),
(10206, 63, 7, '23.10', 5),
(10206, 112, 7, '10.99', 2),
(10206, 141, 6, '21.87', 3),
(10206, 176, 6, '20.53', 8),
(10206, 179, 7, '19.09', 10),
(10206, 186, 6, '19.84', 11),
(10206, 197, 9, '40.72', 6),
(10207, 30, 6, '21.30', 5),
(10207, 42, 10, '16.95', 14),
(10207, 62, 10, '11.56', 4),
(10207, 80, 5, '10.39', 9),
(10207, 98, 9, '25.56', 12),
(10207, 102, 9, '11.06', 2),
(10207, 120, 8, '30.76', 8),
(10207, 126, 9, '28.16', 6),
(10207, 131, 9, '21.85', 10),
(10207, 137, 7, '12.15', 13),
(10207, 171, 6, '21.76', 3),
(10207, 182, 5, '28.11', 11),
(10208, 32, 6, '11.60', 15),
(10208, 47, 8, '9.61', 6),
(10208, 86, 7, '24.58', 7),
(10208, 94, 9, '35.33', 13),
(10208, 133, 4, '16.11', 2),
(10208, 176, 5, '23.49', 9),
(10208, 183, 10, '19.36', 11),
(10209, 2, 7, '18.10', 4),
(10209, 19, 10, '8.84', 3),
(10209, 120, 9, '13.29', 1),
(10209, 144, 7, '11.31', 2),
(10209, 161, 4, '15.93', 7),
(10209, 170, 6, '16.52', 6),
(10210, 29, 9, '8.64', 11),
(10210, 45, 9, '16.98', 5),
(10210, 76, 5, '20.13', 9),
(10210, 85, 6, '12.64', 4),
(10210, 94, 6, '28.38', 17),
(10210, 136, 8, '11.42', 10),
(10210, 145, 10, '13.69', 7),
(10210, 148, 8, '10.30', 3),
(10210, 167, 6, '11.33', 16),
(10210, 180, 8, '13.62', 8),
(10211, 68, 5, '21.86', 15),
(10211, 71, 8, '39.83', 9),
(10211, 94, 8, '34.24', 2),
(10211, 96, 8, '14.16', 10),
(10211, 100, 4, '12.47', 11),
(10211, 170, 8, '18.18', 14),
(10211, 184, 7, '14.63', 5),
(10211, 194, 4, '16.17', 6),
(10211, 195, 6, '27.63', 4),
(10212, 46, 8, '12.35', 3),
(10212, 65, 6, '23.50', 10),
(10212, 70, 9, '8.65', 5),
(10212, 90, 8, '21.15', 6),
(10212, 107, 4, '12.94', 14),
(10212, 112, 8, '26.74', 9),
(10212, 117, 9, '16.36', 1),
(10212, 126, 7, '37.38', 12),
(10212, 135, 5, '15.58', 2),
(10212, 145, 9, '20.13', 4),
(10212, 161, 8, '23.50', 7),
(10212, 163, 10, '23.59', 13),
(10212, 182, 8, '31.16', 11),
(10213, 122, 5, '19.50', 3),
(10214, 83, 4, '32.19', 3),
(10214, 86, 10, '39.87', 2),
(10214, 99, 6, '33.32', 7),
(10214, 127, 4, '10.66', 6),
(10214, 131, 5, '25.17', 4),
(10214, 157, 10, '33.41', 1),
(10214, 167, 9, '38.57', 5),
(10215, 63, 9, '20.07', 2),
(10215, 77, 5, '18.49', 10),
(10215, 78, 7, '10.78', 9),
(10215, 176, 10, '17.80', 5),
(10215, 179, 8, '18.89', 7),
(10215, 186, 8, '16.87', 8),
(10215, 197, 7, '41.15', 3),
(10216, 141, 9, '26.79', 1),
(10217, 2, 6, '18.00', 6),
(10217, 42, 4, '15.79', 3),
(10217, 98, 6, '20.70', 1),
(10217, 112, 8, '11.25', 7),
(10217, 137, 7, '11.67', 2),
(10218, 131, 4, '22.09', 1),
(10218, 182, 7, '30.48', 2),
(10219, 80, 7, '9.52', 4),
(10219, 120, 4, '31.12', 3),
(10219, 126, 9, '26.52', 1),
(10220, 30, 7, '18.52', 9),
(10220, 32, 6, '11.36', 4),
(10220, 62, 5, '9.71', 8),
(10220, 94, 6, '37.82', 2),
(10220, 102, 4, '9.94', 6),
(10220, 171, 7, '20.34', 7),
(10221, 2, 5, '13.86', 4),
(10221, 86, 10, '22.61', 1),
(10221, 176, 7, '26.77', 3),
(10221, 183, 5, '17.95', 5),
(10222, 19, 6, '9.04', 7),
(10222, 47, 7, '9.72', 18),
(10222, 94, 10, '27.44', 4),
(10222, 120, 6, '11.37', 5),
(10222, 133, 9, '14.87', 14),
(10222, 144, 9, '12.23', 6),
(10222, 161, 9, '15.60', 11),
(10222, 167, 10, '11.05', 3),
(10222, 170, 10, '15.83', 10),
(10223, 29, 8, '8.20', 13),
(10223, 45, 4, '18.18', 7),
(10223, 68, 6, '20.96', 2),
(10223, 76, 7, '17.51', 11),
(10223, 85, 8, '12.19', 6),
(10223, 136, 4, '13.35', 12),
(10223, 145, 9, '13.52', 9),
(10223, 148, 6, '11.75', 5),
(10223, 170, 7, '16.08', 1),
(10223, 180, 5, '13.62', 10),
(10224, 71, 9, '37.01', 2),
(10224, 96, 10, '16.27', 3),
(10224, 100, 7, '12.05', 4),
(10224, 142, 6, '18.98', 5),
(10225, 65, 6, '23.21', 1),
(10225, 94, 5, '31.52', 9),
(10225, 107, 9, '14.32', 5),
(10225, 126, 8, '34.74', 3),
(10225, 142, 5, '10.29', 8),
(10225, 163, 8, '26.12', 4),
(10225, 182, 9, '32.51', 2),
(10225, 184, 7, '13.99', 12),
(10225, 194, 9, '15.52', 13),
(10225, 195, 5, '23.81', 11),
(10226, 46, 4, '13.08', 1),
(10226, 70, 7, '9.56', 3),
(10226, 90, 8, '21.65', 4),
(10226, 112, 5, '25.89', 7),
(10226, 145, 10, '19.06', 2),
(10226, 161, 5, '25.08', 5),
(10227, 77, 5, '17.05', 3),
(10227, 78, 6, '10.03', 2),
(10227, 83, 8, '27.22', 6),
(10227, 86, 5, '39.42', 5),
(10227, 99, 5, '27.20', 10),
(10227, 117, 9, '16.90', 14),
(10227, 122, 7, '20.43', 13),
(10227, 127, 6, '11.99', 9),
(10227, 131, 9, '23.65', 7),
(10227, 135, 8, '15.75', 15),
(10227, 157, 6, '29.36', 4),
(10227, 167, 5, '34.88', 8),
(10227, 186, 7, '19.84', 1),
(10228, 63, 6, '20.07', 1),
(10228, 176, 6, '20.11', 4),
(10228, 179, 7, '16.95', 6),
(10228, 197, 6, '42.86', 2),
(10229, 2, 10, '18.21', 11),
(10229, 42, 5, '15.79', 8),
(10229, 80, 5, '9.96', 3),
(10229, 98, 10, '23.00', 6),
(10229, 112, 6, '10.47', 12),
(10229, 120, 7, '34.65', 2),
(10229, 131, 5, '20.86', 4),
(10229, 137, 6, '10.70', 7),
(10229, 141, 5, '22.14', 13),
(10229, 182, 4, '31.50', 5),
(10230, 30, 7, '20.14', 7),
(10230, 32, 9, '11.48', 2),
(10230, 62, 7, '9.48', 6),
(10230, 102, 9, '11.81', 4),
(10230, 126, 10, '30.78', 8),
(10230, 171, 9, '19.87', 5),
(10231, 94, 8, '38.65', 2),
(10232, 47, 5, '9.72', 3),
(10232, 86, 9, '22.61', 4),
(10232, 176, 4, '26.77', 6),
(10232, 183, 10, '19.56', 8),
(10233, 133, 8, '14.16', 2),
(10234, 2, 6, '16.66', 5),
(10234, 19, 8, '9.14', 4),
(10234, 94, 10, '29.33', 1),
(10234, 120, 9, '13.43', 2),
(10234, 144, 5, '13.02', 3),
(10234, 161, 6, '15.77', 8),
(10234, 170, 10, '16.86', 7),
(10235, 29, 8, '37.09', 7),
(10235, 45, 8, '18.18', 1),
(10235, 76, 5, '17.94', 5),
(10235, 136, 7, '13.35', 6),
(10235, 145, 5, '16.39', 3),
(10235, 167, 7, '11.05', 12),
(10235, 180, 8, '12.61', 4),
(10236, 85, 7, '13.10', 3),
(10236, 148, 5, '10.54', 2),
(10237, 68, 4, '21.86', 8),
(10237, 71, 5, '35.00', 2),
(10237, 96, 4, '15.78', 3),
(10237, 100, 5, '12.47', 4),
(10237, 142, 5, '18.98', 5),
(10237, 170, 5, '18.37', 7),
(10238, 94, 6, '32.30', 3),
(10238, 142, 9, '10.78', 2),
(10238, 184, 8, '13.67', 6),
(10238, 194, 4, '13.58', 7),
(10238, 195, 10, '28.81', 5),
(10239, 107, 9, '14.01', 4),
(10239, 126, 4, '32.47', 2),
(10239, 163, 6, '26.68', 3),
(10239, 182, 9, '27.09', 1),
(10240, 65, 8, '25.19', 3),
(10240, 112, 7, '27.31', 2),
(10241, 46, 4, '14.40', 8),
(10241, 70, 4, '9.46', 10),
(10241, 90, 4, '23.89', 11),
(10241, 99, 8, '30.60', 2),
(10241, 117, 9, '17.81', 6),
(10241, 122, 6, '23.49', 5),
(10241, 127, 7, '11.14', 1),
(10241, 135, 5, '13.87', 7),
(10241, 145, 5, '21.42', 9),
(10241, 161, 9, '25.34', 12),
(10242, 167, 9, '36.52', 1),
(10243, 83, 7, '30.87', 1),
(10243, 131, 9, '22.37', 2),
(10244, 77, 8, '19.93', 7),
(10244, 78, 4, '9.70', 6),
(10244, 86, 8, '8.42', 9),
(10244, 157, 9, '28.35', 8),
(10244, 176, 6, '17.17', 2),
(10244, 179, 8, '19.48', 4),
(10244, 186, 7, '17.46', 5),
(10245, 2, 9, '16.39', 4),
(10245, 42, 7, '16.37', 1),
(10245, 63, 6, '22.87', 8),
(10245, 112, 9, '10.99', 5),
(10245, 141, 8, '24.05', 6),
(10245, 197, 7, '39.00', 9),
(10246, 30, 4, '22.69', 3),
(10246, 62, 9, '9.25', 2),
(10246, 80, 7, '9.09', 7),
(10246, 98, 6, '23.77', 10),
(10246, 120, 10, '34.65', 6),
(10246, 126, 8, '28.82', 4),
(10246, 131, 4, '20.13', 8),
(10246, 137, 6, '11.55', 11),
(10246, 171, 9, '20.11', 1),
(10246, 182, 7, '29.13', 9),
(10247, 32, 10, '10.31', 4),
(10247, 94, 9, '39.07', 2),
(10247, 102, 8, '11.68', 6),
(10248, 47, 5, '10.70', 9),
(10248, 86, 10, '24.58', 10),
(10248, 133, 6, '17.17', 5),
(10248, 161, 5, '16.60', 2),
(10248, 170, 4, '16.17', 1),
(10248, 176, 6, '26.77', 12),
(10248, 183, 8, '19.16', 14),
(10249, 2, 8, '17.20', 4),
(10249, 19, 6, '9.83', 3),
(10249, 120, 4, '10.96', 1),
(10249, 144, 5, '13.15', 2),
(10250, 29, 7, '36.66', 8),
(10250, 45, 6, '19.98', 2),
(10250, 76, 6, '19.04', 6),
(10250, 85, 6, '12.64', 1),
(10250, 94, 9, '29.65', 14),
(10250, 136, 10, '12.52', 7),
(10250, 145, 5, '16.90', 4),
(10250, 167, 8, '12.28', 13),
(10250, 180, 7, '14.49', 5),
(10251, 68, 10, '18.26', 3),
(10251, 148, 9, '11.63', 6),
(10251, 170, 12, '18.76', 2),
(10252, 71, 7, '36.21', 6),
(10252, 96, 10, '14.48', 7),
(10252, 100, 9, '12.61', 8),
(10252, 142, 5, '18.78', 9),
(10252, 184, 4, '14.96', 2),
(10252, 194, 8, '13.90', 3),
(10252, 195, 8, '29.10', 1),
(10253, 65, 5, '26.04', 5),
(10253, 90, 5, '20.66', 1),
(10253, 94, 5, '31.52', 13),
(10253, 107, 5, '13.55', 9),
(10253, 112, 7, '26.17', 4),
(10253, 126, 8, '34.74', 7),
(10253, 142, 5, '10.16', 12),
(10253, 161, 7, '22.97', 2),
(10253, 163, 8, '23.03', 8),
(10253, 182, 8, '29.13', 6),
(10254, 46, 7, '13.38', 11),
(10254, 70, 6, '8.65', 13),
(10254, 83, 8, '28.88', 1),
(10254, 99, 10, '27.54', 5),
(10254, 117, 6, '17.08', 9),
(10254, 122, 7, '22.31', 8),
(10254, 127, 7, '11.02', 4),
(10254, 131, 8, '20.60', 2),
(10254, 135, 8, '13.87', 10),
(10254, 145, 10, '20.35', 12),
(10254, 167, 4, '39.80', 3),
(10255, 86, 7, '37.63', 2),
(10255, 157, 5, '27.00', 1),
(10256, 77, 7, '18.70', 2),
(10256, 78, 6, '10.57', 1),
(10257, 176, 7, '16.76', 2),
(10257, 179, 9, '16.36', 4),
(10257, 186, 5, '18.25', 5),
(10258, 2, 9, '17.40', 1),
(10258, 63, 8, '22.63', 5),
(10258, 112, 4, '12.54', 2),
(10258, 141, 8, '26.79', 3),
(10258, 197, 6, '35.57', 6),
(10259, 30, 6, '21.07', 2),
(10259, 42, 9, '19.07', 11),
(10259, 62, 6, '9.36', 1),
(10259, 80, 8, '9.20', 6),
(10259, 98, 9, '24.28', 9),
(10259, 120, 6, '31.47', 5),
(10259, 126, 6, '26.85', 3),
(10259, 131, 7, '24.06', 7),
(10259, 137, 6, '11.91', 10),
(10259, 182, 5, '30.48', 8),
(10260, 2, 7, '16.11', 2),
(10260, 32, 4, '11.25', 7),
(10260, 94, 9, '36.16', 5),
(10260, 102, 5, '11.06', 9),
(10260, 171, 5, '23.42', 10),
(10260, 176, 6, '24.31', 1),
(10260, 183, 6, '18.55', 3),
(10261, 47, 6, '8.74', 7),
(10261, 86, 7, '21.14', 8),
(10261, 133, 4, '15.93', 3),
(10262, 19, 4, '8.34', 12),
(10262, 29, 10, '35.78', 3),
(10262, 76, 7, '19.70', 1),
(10262, 94, 10, '31.54', 9),
(10262, 120, 5, '12.74', 10),
(10262, 136, 8, '12.79', 2),
(10262, 144, 9, '13.15', 11),
(10262, 161, 10, '16.44', 16),
(10262, 167, 10, '11.74', 8),
(10262, 170, 6, '16.34', 15),
(10263, 2, 9, '23.49', 9),
(10263, 45, 6, '18.78', 8),
(10263, 68, 8, '21.86', 3),
(10263, 85, 7, '13.41', 7),
(10263, 145, 7, '13.52', 10),
(10263, 148, 7, '10.05', 6),
(10263, 170, 7, '17.80', 2),
(10263, 180, 5, '11.88', 11),
(10264, 71, 4, '39.02', 4),
(10264, 96, 9, '13.51', 5),
(10264, 100, 7, '12.33', 6),
(10264, 142, 7, '20.00', 7),
(10264, 194, 9, '15.04', 1),
(10265, 184, 9, '14.96', 2),
(10265, 195, 10, '24.69', 1),
(10266, 65, 4, '26.33', 6),
(10266, 70, 6, '8.05', 1),
(10266, 90, 7, '19.91', 2),
(10266, 94, 9, '37.75', 14),
(10266, 107, 7, '15.40', 10),
(10266, 112, 10, '27.88', 5),
(10266, 126, 7, '35.12', 8),
(10266, 142, 9, '11.27', 13),
(10266, 161, 4, '22.70', 3),
(10266, 163, 5, '23.87', 9),
(10266, 182, 6, '27.43', 7),
(10267, 46, 8, '14.40', 5),
(10267, 117, 8, '15.27', 3),
(10267, 122, 9, '18.79', 2),
(10267, 135, 9, '16.78', 4),
(10267, 145, 9, '19.70', 6),
(10268, 77, 10, '18.70', 3),
(10268, 78, 5, '9.16', 2),
(10268, 83, 7, '31.86', 6),
(10268, 86, 8, '36.29', 5),
(10268, 99, 7, '32.98', 10),
(10268, 127, 6, '12.11', 9),
(10268, 131, 10, '24.92', 7),
(10268, 157, 7, '29.70', 4),
(10268, 167, 6, '37.75', 8),
(10268, 186, 8, '19.25', 1),
(10269, 166, 6, '11.49', 1),
(10269, 179, 10, '19.09', 2),
(10270, 2, 9, '20.23', 4),
(10270, 42, 6, '18.68', 1),
(10270, 63, 9, '18.90', 8),
(10270, 112, 4, '10.47', 5),
(10270, 141, 6, '27.06', 6),
(10270, 166, 6, '16.21', 10),
(10270, 176, 8, '17.17', 11),
(10270, 197, 4, '34.29', 9),
(10271, 30, 7, '18.75', 3),
(10271, 62, 9, '9.94', 2),
(10271, 80, 7, '10.39', 7),
(10271, 98, 9, '24.54', 10),
(10271, 120, 8, '28.64', 6),
(10271, 126, 10, '29.47', 4),
(10271, 131, 10, '24.30', 8),
(10271, 137, 5, '11.91', 11),
(10271, 171, 4, '22.00', 1),
(10271, 182, 4, '33.87', 9),
(10272, 32, 9, '10.78', 4),
(10272, 94, 7, '37.40', 2),
(10272, 102, 9, '11.31', 6),
(10273, 47, 7, '10.26', 10),
(10273, 86, 4, '20.65', 11),
(10273, 133, 5, '16.82', 6),
(10273, 161, 10, '16.77', 3),
(10273, 170, 7, '16.86', 2),
(10273, 176, 8, '23.49', 13),
(10273, 183, 9, '17.55', 15),
(10274, 2, 5, '15.03', 5),
(10274, 19, 6, '9.93', 4),
(10274, 94, 8, '25.86', 1),
(10274, 120, 8, '11.37', 2),
(10274, 144, 5, '13.02', 3),
(10275, 29, 8, '8.03', 13),
(10275, 45, 5, '17.98', 7),
(10275, 68, 4, '21.19', 2),
(10275, 76, 5, '19.48', 11),
(10275, 85, 6, '12.34', 6),
(10275, 136, 6, '11.69', 12),
(10275, 145, 7, '14.02', 9),
(10275, 148, 7, '10.42', 5),
(10275, 167, 8, '11.60', 18),
(10275, 170, 9, '16.27', 1),
(10275, 180, 5, '13.48', 10),
(10276, 71, 5, '35.40', 10),
(10276, 94, 10, '36.97', 3),
(10276, 96, 4, '13.51', 11),
(10276, 100, 9, '12.33', 12),
(10276, 184, 8, '15.60', 6),
(10276, 194, 10, '13.42', 7),
(10276, 195, 6, '27.93', 5),
(10278, 65, 7, '22.93', 6),
(10278, 70, 7, '9.76', 1),
(10278, 90, 5, '21.40', 2),
(10278, 107, 6, '14.63', 10),
(10278, 112, 6, '23.61', 5),
(10278, 126, 6, '37.38', 8),
(10278, 161, 8, '23.50', 3),
(10278, 163, 5, '27.24', 9),
(10278, 182, 8, '33.53', 7),
(10279, 46, 6, '13.67', 5),
(10279, 117, 10, '15.27', 3),
(10279, 122, 10, '21.37', 2),
(10279, 135, 7, '15.75', 4),
(10279, 145, 10, '19.06', 6),
(10280, 63, 5, '19.60', 1),
(10280, 77, 10, '17.47', 9),
(10280, 78, 5, '9.49', 8),
(10280, 83, 4, '29.87', 12),
(10280, 86, 9, '36.29', 11),
(10280, 99, 5, '32.30', 16),
(10280, 127, 5, '10.66', 15),
(10280, 131, 7, '21.87', 13),
(10280, 157, 4, '31.73', 10),
(10280, 167, 7, '35.29', 14),
(10280, 176, 6, '20.53', 4),
(10280, 179, 4, '15.97', 6),
(10280, 186, 7, '19.84', 7),
(10280, 197, 7, '41.15', 2),
(10281, 2, 5, '17.80', 11),
(10281, 42, 6, '16.18', 8),
(10281, 80, 6, '8.98', 3),
(10281, 98, 5, '22.49', 6),
(10281, 112, 7, '11.89', 12),
(10281, 120, 4, '33.95', 2),
(10281, 131, 10, '22.83', 4),
(10281, 137, 6, '11.30', 7),
(10281, 141, 5, '25.42', 13),
(10281, 182, 5, '27.09', 5),
(10282, 2, 9, '15.59', 2),
(10282, 30, 8, '22.92', 12),
(10282, 32, 7, '11.25', 7),
(10282, 62, 6, '9.94', 11),
(10282, 94, 8, '35.33', 5),
(10282, 102, 7, '10.32', 9),
(10282, 126, 5, '29.47', 13),
(10282, 171, 8, '19.40', 10),
(10282, 176, 9, '24.59', 1),
(10282, 183, 7, '17.75', 3),
(10283, 19, 9, '8.24', 1),
(10283, 47, 7, '9.83', 12),
(10283, 86, 8, '19.91', 13),
(10283, 133, 7, '16.11', 8),
(10283, 161, 7, '15.43', 5),
(10283, 170, 4, '15.66', 4),
(10284, 29, 7, '35.78', 5),
(10284, 76, 4, '20.35', 3),
(10284, 94, 9, '27.44', 11),
(10284, 120, 6, '13.02', 12),
(10284, 136, 10, '12.11', 4),
(10284, 144, 8, '11.97', 13),
(10284, 145, 6, '13.69', 1),
(10284, 167, 4, '13.10', 10),
(10284, 180, 4, '13.33', 2),
(10285, 2, 9, '20.41', 13),
(10285, 45, 7, '16.58', 12),
(10285, 68, 7, '18.26', 7),
(10285, 71, 7, '36.61', 1),
(10285, 85, 8, '12.34', 11),
(10285, 96, 8, '15.30', 2),
(10285, 100, 8, '12.88', 3),
(10285, 142, 5, '20.00', 4),
(10285, 148, 4, '10.18', 10),
(10285, 170, 7, '19.14', 6),
(10287, 65, 8, '22.65', 4),
(10287, 94, 4, '38.14', 12),
(10287, 107, 9, '12.32', 8),
(10287, 112, 5, '24.75', 3),
(10287, 126, 7, '31.34', 6),
(10287, 142, 4, '11.63', 11),
(10287, 161, 9, '22.97', 1),
(10287, 163, 7, '27.52', 7),
(10287, 182, 7, '27.43', 5),
(10287, 184, 9, '13.67', 15),
(10287, 194, 8, '15.84', 16),
(10287, 195, 8, '25.58', 14),
(10288, 46, 7, '13.38', 11),
(10288, 70, 10, '9.86', 13),
(10288, 83, 6, '32.19', 1),
(10288, 90, 4, '24.14', 14),
(10288, 99, 6, '33.66', 5),
(10288, 117, 7, '16.36', 9),
(10288, 122, 10, '21.84', 8),
(10288, 127, 6, '10.05', 4),
(10288, 131, 6, '20.60', 2),
(10288, 135, 7, '15.24', 10),
(10288, 145, 8, '20.35', 12),
(10288, 167, 7, '37.75', 3),
(10289, 77, 8, '18.49', 2),
(10289, 78, 5, '8.95', 1),
(10289, 86, 9, '8.24', 4),
(10289, 157, 9, '28.35', 3),
(10290, 179, 9, '16.75', 1),
(10290, 186, 5, '16.07', 2),
(10291, 2, 6, '17.40', 6),
(10291, 42, 5, '16.57', 3),
(10291, 63, 8, '19.37', 10),
(10291, 98, 10, '21.98', 1),
(10291, 112, 6, '10.60', 7),
(10291, 137, 5, '10.45', 2),
(10291, 141, 8, '24.60', 8),
(10291, 176, 5, '18.64', 13),
(10291, 197, 7, '42.00', 11),
(10292, 30, 8, '22.69', 6),
(10292, 32, 7, '9.96', 1),
(10292, 62, 8, '9.71', 5),
(10292, 80, 10, '10.82', 10),
(10292, 102, 6, '11.93', 3),
(10292, 120, 8, '34.30', 9),
(10292, 126, 5, '28.16', 7),
(10292, 131, 8, '20.62', 11),
(10292, 171, 5, '22.71', 4),
(10292, 182, 4, '29.47', 12),
(10293, 2, 6, '15.59', 5),
(10293, 47, 6, '10.26', 1),
(10293, 86, 4, '22.37', 2),
(10293, 94, 9, '37.40', 8),
(10293, 176, 5, '22.13', 4),
(10293, 183, 4, '18.35', 6),
(10294, 2, 9, '19.66', 1),
(10295, 133, 9, '16.82', 3),
(10296, 19, 4, '9.34', 10),
(10296, 29, 5, '8.20', 1),
(10296, 94, 7, '29.33', 7),
(10296, 120, 4, '12.19', 8),
(10296, 144, 6, '12.76', 9),
(10296, 161, 4, '16.60', 14),
(10296, 167, 6, '12.69', 6),
(10296, 170, 4, '13.94', 13),
(10297, 2, 7, '22.31', 3),
(10297, 45, 5, '17.78', 2),
(10297, 76, 6, '21.45', 6),
(10297, 85, 6, '14.02', 1),
(10297, 136, 6, '12.66', 7),
(10297, 145, 5, '16.39', 4),
(10297, 180, 5, '14.35', 5),
(10298, 148, 6, '12.11', 2),
(10299, 68, 9, '21.41', 10),
(10299, 71, 5, '36.21', 4),
(10299, 96, 9, '15.46', 5),
(10299, 100, 7, '11.77', 6),
(10299, 142, 8, '16.94', 7),
(10299, 170, 5, '15.31', 9),
(10299, 194, 6, '13.26', 1),
(10300, 94, 7, '36.97', 5),
(10300, 107, 8, '12.63', 1),
(10300, 142, 6, '10.41', 4),
(10300, 184, 10, '13.19', 8),
(10300, 195, 5, '28.81', 7),
(10301, 46, 5, '12.93', 1),
(10301, 65, 7, '22.93', 8),
(10301, 70, 4, '8.15', 3),
(10301, 90, 6, '23.64', 4),
(10301, 112, 9, '23.90', 7),
(10301, 126, 10, '32.10', 10),
(10301, 145, 4, '17.35', 2),
(10301, 161, 4, '22.70', 5),
(10301, 163, 10, '24.43', 11),
(10301, 182, 5, '27.09', 9),
(10302, 99, 9, '33.32', 1),
(10302, 117, 10, '15.08', 5),
(10302, 122, 9, '20.90', 4),
(10302, 135, 10, '14.90', 6),
(10303, 127, 9, '11.38', 2),
(10303, 167, 5, '35.70', 1),
(10304, 2, 8, '16.18', 1),
(10304, 63, 9, '21.23', 5),
(10304, 77, 7, '19.11', 13),
(10304, 78, 7, '9.38', 12),
(10304, 83, 5, '29.21', 16),
(10304, 86, 9, '8.42', 15),
(10304, 112, 7, '10.47', 2),
(10304, 131, 5, '20.60', 17),
(10304, 141, 8, '23.51', 3),
(10304, 157, 4, '28.35', 14),
(10304, 176, 5, '18.01', 8),
(10304, 179, 7, '16.17', 10),
(10304, 186, 8, '19.05', 11),
(10304, 197, 9, '40.29', 6),
(10305, 30, 8, '21.99', 3),
(10305, 42, 6, '18.88', 12),
(10305, 62, 9, '9.71', 2),
(10305, 80, 8, '9.74', 7),
(10305, 98, 5, '21.47', 10),
(10305, 120, 10, '30.76', 6),
(10305, 126, 5, '26.52', 4),
(10305, 131, 7, '23.56', 8),
(10305, 137, 8, '11.79', 11),
(10305, 171, 7, '23.66', 1),
(10305, 182, 7, '32.17', 9),
(10306, 32, 7, '10.31', 15),
(10306, 47, 7, '9.61', 6),
(10306, 86, 6, '21.87', 7),
(10306, 94, 6, '36.57', 13),
(10306, 102, 9, '12.06', 17),
(10306, 133, 6, '15.22', 2),
(10306, 176, 6, '22.95', 9),
(10306, 183, 8, '16.74', 11),
(10307, 2, 7, '16.29', 5),
(10307, 19, 7, '8.84', 4),
(10307, 94, 8, '27.12', 1),
(10307, 120, 5, '11.65', 2),
(10307, 144, 4, '12.89', 3),
(10307, 161, 4, '15.09', 8),
(10307, 170, 6, '14.28', 7),
(10308, 29, 9, '37.09', 11),
(10308, 45, 5, '19.98', 5),
(10308, 76, 6, '19.91', 9),
(10308, 85, 9, '13.71', 4),
(10308, 136, 9, '12.24', 10),
(10308, 145, 5, '16.39', 7),
(10308, 148, 7, '9.69', 3),
(10308, 167, 9, '11.60', 16),
(10308, 180, 9, '14.35', 8),
(10309, 68, 4, '19.38', 6),
(10309, 96, 6, '14.81', 1),
(10309, 100, 5, '11.91', 2),
(10309, 142, 10, '18.78', 3),
(10309, 170, 8, '18.95', 5),
(10310, 65, 7, '25.76', 2),
(10310, 71, 7, '38.62', 17),
(10310, 94, 7, '33.08', 10),
(10310, 107, 4, '13.40', 6),
(10310, 112, 5, '25.89', 1),
(10310, 126, 7, '33.23', 4),
(10310, 142, 8, '10.04', 9),
(10310, 163, 9, '27.81', 5),
(10310, 182, 10, '31.84', 3),
(10310, 184, 5, '14.15', 13),
(10310, 194, 10, '15.04', 14),
(10310, 195, 10, '24.40', 12),
(10311, 46, 5, '14.11', 6),
(10311, 70, 9, '9.76', 8),
(10311, 90, 6, '24.89', 9),
(10311, 117, 6, '17.81', 4),
(10311, 122, 9, '23.25', 3),
(10311, 135, 5, '17.12', 5),
(10311, 145, 9, '18.20', 7),
(10311, 161, 9, '22.97', 10),
(10312, 63, 6, '20.30', 2),
(10312, 77, 9, '20.55', 10),
(10312, 78, 5, '8.73', 9),
(10312, 83, 8, '27.88', 13),
(10312, 86, 5, '8.69', 12),
(10312, 99, 10, '29.24', 17),
(10312, 127, 6, '9.69', 16),
(10312, 131, 6, '22.37', 14),
(10312, 157, 5, '30.04', 11),
(10312, 167, 6, '8.04', 15),
(10312, 176, 8, '18.64', 5),
(10312, 179, 9, '19.28', 7),
(10312, 186, 7, '16.87', 8),
(10312, 197, 10, '42.86', 3),
(10313, 2, 6, '19.22', 9),
(10313, 42, 5, '19.26', 6),
(10313, 80, 8, '9.74', 1),
(10313, 98, 8, '20.45', 4),
(10313, 112, 7, '11.12', 10),
(10313, 131, 6, '21.85', 2),
(10313, 137, 7, '10.57', 5),
(10313, 141, 4, '26.24', 11),
(10313, 182, 5, '28.79', 3),
(10314, 2, 5, '16.63', 2),
(10314, 30, 6, '23.15', 12),
(10314, 32, 8, '10.08', 7),
(10314, 62, 9, '10.29', 11),
(10314, 94, 8, '35.33', 5),
(10314, 102, 7, '11.68', 9),
(10314, 120, 8, '31.82', 15),
(10314, 126, 8, '27.18', 13),
(10314, 171, 8, '22.24', 10),
(10314, 176, 4, '25.95', 1),
(10314, 183, 5, '16.94', 3),
(10315, 47, 8, '10.26', 5),
(10315, 86, 7, '22.37', 6),
(10315, 133, 5, '15.75', 1),
(10316, 19, 7, '8.74', 12),
(10316, 29, 7, '36.66', 3),
(10316, 76, 5, '18.60', 1),
(10316, 94, 5, '28.07', 9),
(10316, 120, 7, '13.43', 10),
(10316, 136, 5, '11.83', 2),
(10316, 144, 9, '11.05', 11),
(10316, 161, 5, '15.43', 16),
(10316, 167, 6, '13.51', 8),
(10316, 170, 4, '14.45', 15),
(10317, 180, 7, '13.91', 1),
(10318, 2, 10, '20.41', 8),
(10318, 45, 9, '16.38', 7),
(10318, 68, 10, '18.71', 2),
(10318, 85, 5, '12.19', 6),
(10318, 145, 6, '16.39', 9),
(10318, 148, 8, '9.93', 5),
(10318, 170, 9, '16.84', 1),
(10319, 71, 6, '35.00', 5),
(10319, 96, 9, '15.95', 6),
(10319, 100, 6, '13.16', 7),
(10319, 142, 4, '19.39', 8),
(10319, 184, 9, '15.44', 1),
(10319, 194, 9, '15.68', 2),
(10320, 94, 6, '36.97', 3),
(10320, 142, 5, '12.12', 2),
(10320, 195, 5, '27.93', 5),
(10321, 46, 6, '13.67', 3),
(10321, 65, 8, '24.63', 10),
(10321, 70, 10, '8.55', 5),
(10321, 90, 9, '24.14', 6),
(10321, 107, 7, '14.78', 14),
(10321, 112, 5, '28.45', 9),
(10321, 117, 6, '14.90', 1),
(10321, 126, 7, '31.72', 12),
(10321, 135, 8, '16.27', 2),
(10321, 145, 4, '20.77', 4),
(10321, 161, 5, '25.34', 7),
(10321, 163, 5, '27.52', 13),
(10321, 182, 7, '32.85', 11),
(10322, 63, 4, '20.30', 10),
(10322, 77, 9, '18.49', 14),
(10322, 78, 8, '8.84', 5),
(10322, 83, 4, '26.55', 3),
(10322, 86, 6, '8.15', 4),
(10322, 131, 10, '24.15', 6),
(10322, 137, 7, '11.42', 11),
(10322, 141, 5, '27.33', 9),
(10322, 157, 7, '31.73', 2),
(10322, 176, 10, '18.01', 7),
(10322, 197, 8, '36.00', 1),
(10323, 186, 7, '17.66', 2),
(10324, 2, 7, '16.18', 5),
(10324, 42, 4, '18.30', 11),
(10324, 62, 5, '9.94', 14),
(10324, 98, 6, '21.47', 2),
(10324, 112, 10, '12.15', 4),
(10324, 120, 6, '29.35', 9),
(10324, 126, 9, '28.49', 8),
(10324, 131, 7, '21.11', 10),
(10324, 179, 7, '19.09', 3),
(10324, 182, 5, '27.43', 12),
(10325, 30, 8, '19.91', 4),
(10325, 32, 9, '11.25', 7),
(10325, 80, 8, '8.87', 3),
(10325, 94, 8, '38.65', 8),
(10325, 102, 6, '11.06', 2),
(10325, 171, 9, '22.95', 5),
(10325, 176, 5, '22.95', 9),
(10326, 2, 8, '12.13', 1),
(10326, 86, 8, '24.09', 4),
(10326, 133, 8, '17.35', 3),
(10326, 161, 4, '16.27', 2),
(10326, 183, 6, '18.96', 6),
(10327, 47, 7, '9.61', 4),
(10327, 94, 5, '30.91', 6),
(10327, 145, 9, '14.87', 8),
(10327, 170, 5, '14.97', 5),
(10328, 29, 7, '8.47', 7),
(10328, 76, 9, '17.51', 14),
(10328, 120, 10, '13.56', 1),
(10328, 136, 5, '11.42', 5),
(10328, 144, 4, '11.31', 2),
(10328, 167, 7, '11.19', 3),
(10328, 180, 9, '13.91', 4),
(10329, 19, 9, '8.24', 8),
(10329, 45, 9, '16.18', 11),
(10329, 68, 6, '20.96', 7),
(10329, 85, 7, '14.32', 4),
(10329, 94, 8, '36.58', 5),
(10329, 107, 6, '13.24', 9),
(10329, 148, 8, '11.14', 12),
(10329, 170, 8, '16.08', 1),
(10329, 184, 8, '13.03', 10),
(10330, 100, 8, '11.22', 1),
(10330, 195, 7, '27.34', 3),
(10331, 65, 9, '24.06', 6),
(10331, 71, 6, '33.39', 3),
(10331, 90, 9, '19.91', 14),
(10331, 96, 4, '14.81', 5),
(10331, 99, 9, '30.94', 7),
(10331, 112, 6, '27.03', 8),
(10331, 126, 5, '37.00', 13),
(10331, 161, 5, '26.14', 10),
(10331, 163, 4, '27.81', 1),
(10331, 182, 5, '33.87', 11),
(10331, 194, 8, '14.07', 2),
(10332, 46, 5, '12.35', 4),
(10332, 70, 4, '9.46', 5),
(10332, 77, 9, '17.88', 15),
(10332, 78, 5, '10.24', 16),
(10332, 83, 9, '29.87', 6),
(10332, 86, 5, '8.60', 10),
(10332, 117, 8, '16.90', 7),
(10332, 122, 9, '21.61', 11),
(10332, 127, 8, '10.78', 9),
(10332, 131, 7, '23.39', 8),
(10332, 135, 9, '15.58', 12),
(10332, 145, 6, '18.85', 13),
(10332, 157, 5, '27.68', 1),
(10332, 166, 5, '10.62', 17),
(10332, 167, 8, '34.47', 14),
(10332, 176, 8, '20.11', 18),
(10333, 63, 6, '22.17', 7),
(10333, 112, 7, '12.41', 4),
(10333, 141, 7, '24.33', 6),
(10333, 166, 6, '19.05', 5),
(10333, 179, 8, '19.09', 1),
(10333, 186, 9, '19.05', 2),
(10333, 197, 5, '37.72', 3),
(10334, 98, 8, '23.51', 5),
(10334, 131, 9, '21.60', 6),
(10334, 137, 7, '10.57', 1),
(10334, 182, 4, '29.47', 3),
(10335, 42, 9, '15.41', 1),
(10335, 80, 8, '9.96', 3),
(10335, 120, 7, '32.88', 2),
(10336, 2, 9, '18.81', 2),
(10336, 30, 5, '21.99', 8),
(10336, 62, 9, '9.94', 4),
(10336, 94, 7, '35.33', 10),
(10336, 102, 6, '11.81', 9),
(10336, 126, 10, '30.78', 6),
(10336, 171, 6, '22.71', 5),
(10336, 176, 10, '27.04', 12),
(10336, 183, 4, '20.17', 7),
(10337, 32, 4, '10.90', 6),
(10337, 47, 8, '9.83', 5),
(10337, 86, 6, '23.84', 4),
(10338, 94, 8, '27.44', 1),
(10338, 170, 6, '16.17', 3),
(10339, 19, 5, '9.93', 6),
(10339, 68, 5, '19.38', 10),
(10339, 76, 4, '21.23', 7),
(10339, 120, 11, '13.56', 12),
(10339, 133, 11, '14.69', 13),
(10339, 144, 6, '11.57', 14),
(10339, 145, 5, '15.88', 2),
(10339, 148, 6, '9.69', 1),
(10339, 161, 8, '14.59', 16),
(10339, 167, 9, '11.46', 11),
(10340, 29, 8, '37.09', 4),
(10340, 45, 11, '19.18', 2),
(10340, 85, 11, '12.49', 8),
(10340, 136, 8, '13.48', 3),
(10340, 180, 8, '12.75', 1),
(10341, 2, 7, '14.08', 5),
(10341, 94, 9, '38.52', 2),
(10341, 96, 8, '15.62', 3),
(10341, 100, 6, '12.61', 6),
(10341, 142, 6, '19.19', 4),
(10341, 170, 8, '16.84', 9),
(10342, 65, 8, '23.78', 2),
(10342, 107, 11, '12.63', 1),
(10342, 112, 4, '23.04', 3),
(10342, 126, 8, '30.59', 9),
(10342, 142, 10, '12.00', 10),
(10342, 163, 8, '22.47', 6),
(10342, 182, 6, '33.53', 4),
(10342, 184, 5, '15.28', 5),
(10342, 195, 11, '27.34', 7),
(10343, 70, 5, '8.96', 6),
(10343, 71, 6, '37.41', 5),
(10343, 90, 7, '21.90', 4),
(10343, 161, 5, '23.76', 3),
(10343, 194, 6, '15.36', 1),
(10344, 46, 6, '12.20', 7),
(10344, 83, 4, '27.88', 6),
(10344, 99, 9, '33.66', 1),
(10344, 127, 8, '9.81', 2),
(10344, 131, 6, '23.65', 3),
(10345, 86, 9, '38.98', 1),
(10346, 77, 8, '17.67', 3),
(10346, 117, 5, '17.45', 1),
(10346, 122, 5, '23.49', 5),
(10346, 135, 5, '16.09', 2),
(10346, 145, 5, '20.77', 6),
(10346, 167, 4, '38.57', 4),
(10347, 63, 8, '22.63', 5),
(10347, 78, 4, '9.27', 7),
(10347, 137, 10, '10.21', 8),
(10347, 141, 6, '26.51', 3),
(10347, 157, 4, '27.34', 6),
(10347, 176, 9, '19.06', 11),
(10347, 186, 5, '16.87', 12),
(10347, 197, 6, '37.72', 1),
(10348, 2, 6, '20.03', 7),
(10348, 42, 8, '18.11', 3),
(10348, 94, 10, '41.56', 8),
(10348, 98, 7, '21.47', 1),
(10348, 112, 6, '12.54', 5),
(10348, 179, 8, '16.56', 2),
(10349, 62, 10, '10.06', 4),
(10349, 80, 7, '8.87', 1),
(10349, 120, 7, '31.47', 3),
(10349, 126, 8, '28.49', 8),
(10349, 131, 8, '23.56', 7),
(10349, 171, 5, '22.24', 2),
(10349, 182, 10, '32.85', 6),
(10350, 30, 6, '20.84', 8),
(10350, 32, 9, '11.36', 17),
(10350, 47, 4, '9.61', 15),
(10350, 86, 7, '19.66', 7),
(10350, 102, 5, '12.30', 14),
(10350, 133, 6, '17.35', 9),
(10350, 161, 5, '15.43', 10),
(10350, 170, 9, '16.86', 6),
(10350, 176, 9, '27.04', 1),
(10350, 183, 8, '18.96', 2),
(10351, 94, 8, '28.70', 1),
(10351, 120, 5, '12.88', 5),
(10351, 144, 8, '10.78', 4),
(10351, 167, 7, '13.65', 3),
(10352, 19, 10, '9.24', 4),
(10353, 29, 8, '35.78', 8),
(10353, 45, 9, '17.38', 5),
(10353, 76, 6, '21.45', 2),
(10353, 136, 8, '13.62', 7),
(10353, 145, 5, '14.36', 1),
(10353, 180, 7, '13.91', 3),
(10354, 68, 4, '19.38', 5),
(10354, 85, 6, '12.49', 1),
(10354, 94, 6, '31.52', 9),
(10354, 107, 4, '15.25', 8),
(10354, 148, 6, '9.81', 10),
(10354, 170, 8, '16.84', 6),
(10354, 184, 7, '13.83', 7),
(10355, 71, 8, '32.99', 10),
(10355, 100, 8, '11.22', 3),
(10355, 126, 7, '37.38', 4),
(10355, 163, 6, '27.52', 8),
(10355, 194, 6, '15.04', 9),
(10355, 195, 5, '23.52', 7),
(10356, 65, 9, '24.06', 8),
(10356, 77, 10, '16.44', 9),
(10356, 78, 4, '8.95', 6),
(10356, 83, 10, '31.86', 5),
(10356, 86, 5, '8.42', 7),
(10356, 96, 5, '15.62', 4),
(10356, 112, 5, '26.17', 2),
(10356, 131, 6, '21.36', 3),
(10356, 157, 6, '31.73', 1),
(10357, 63, 8, '22.40', 1),
(10357, 137, 8, '11.79', 7),
(10357, 141, 10, '21.87', 8),
(10357, 176, 9, '20.94', 4),
(10357, 186, 5, '16.87', 3),
(10357, 197, 6, '39.86', 10),
(10358, 2, 5, '17.20', 3),
(10358, 42, 8, '16.57', 1),
(10358, 62, 9, '11.21', 14),
(10358, 98, 8, '25.56', 7),
(10358, 112, 7, '10.34', 2),
(10358, 120, 7, '33.59', 4),
(10358, 126, 4, '28.49', 10),
(10358, 131, 4, '19.88', 11),
(10358, 179, 8, '17.72', 6),
(10358, 182, 6, '27.43', 12),
(10359, 30, 9, '19.91', 2),
(10359, 32, 5, '9.49', 4),
(10359, 80, 7, '9.09', 3),
(10359, 94, 8, '36.16', 8),
(10359, 102, 4, '12.43', 1),
(10359, 171, 4, '21.76', 7),
(10360, 47, 6, '10.81', 11),
(10360, 76, 4, '21.23', 17),
(10360, 86, 6, '20.15', 2),
(10360, 94, 10, '25.23', 12),
(10360, 120, 10, '11.10', 16),
(10360, 133, 7, '14.16', 3),
(10360, 145, 8, '13.69', 13),
(10360, 161, 4, '15.77', 4),
(10360, 170, 9, '14.28', 14),
(10360, 176, 6, '24.59', 8),
(10360, 183, 6, '18.96', 18),
(10361, 19, 5, '9.53', 12),
(10361, 29, 7, '35.78', 3),
(10361, 136, 10, '11.28', 2),
(10361, 144, 7, '12.49', 6),
(10361, 167, 5, '12.28', 7),
(10361, 170, 4, '18.57', 13),
(10361, 180, 5, '13.77', 1),
(10362, 68, 10, '18.26', 2),
(10362, 148, 5, '10.78', 3),
(10363, 45, 10, '18.58', 2),
(10363, 85, 4, '14.02', 8),
(10363, 94, 7, '36.19', 3),
(10363, 100, 9, '11.22', 14),
(10363, 107, 4, '12.32', 7),
(10363, 142, 4, '10.41', 15),
(10363, 163, 6, '22.75', 1),
(10363, 184, 9, '13.83', 10),
(10363, 194, 9, '15.20', 9),
(10363, 195, 5, '24.99', 11),
(10364, 71, 10, '38.22', 1),
(10365, 65, 6, '23.21', 1),
(10365, 96, 9, '13.67', 2),
(10365, 142, 4, '16.53', 3),
(10366, 112, 7, '23.33', 3),
(10366, 161, 10, '21.12', 2),
(10366, 182, 7, '30.82', 1),
(10367, 46, 4, '14.55', 10),
(10367, 70, 8, '10.06', 11),
(10367, 83, 5, '29.54', 13),
(10367, 86, 6, '8.60', 12),
(10367, 90, 10, '21.15', 1),
(10367, 99, 7, '28.90', 3),
(10367, 126, 7, '36.25', 2),
(10367, 127, 9, '10.05', 4),
(10367, 131, 5, '24.92', 5),
(10367, 157, 6, '28.01', 7),
(10368, 117, 8, '14.72', 2),
(10368, 122, 6, '23.02', 5),
(10368, 135, 9, '16.61', 1),
(10368, 145, 4, '18.63', 4),
(10368, 167, 9, '36.52', 3),
(10369, 77, 9, '17.88', 8),
(10369, 78, 6, '9.27', 7),
(10369, 176, 4, '18.01', 5),
(10369, 179, 8, '18.70', 3),
(10369, 186, 9, '16.07', 4),
(10369, 197, 8, '39.00', 2),
(10370, 63, 5, '20.07', 1),
(10370, 112, 5, '12.80', 3),
(10370, 131, 4, '20.37', 5),
(10370, 137, 4, '12.03', 7),
(10370, 141, 10, '25.69', 8),
(10370, 182, 5, '33.53', 9),
(10371, 2, 7, '16.79', 3),
(10371, 30, 10, '19.45', 10),
(10371, 42, 5, '16.57', 1),
(10371, 62, 5, '10.75', 12),
(10371, 80, 4, '8.87', 2),
(10371, 94, 6, '35.74', 6),
(10371, 98, 4, '25.30', 5),
(10371, 102, 6, '10.69', 11),
(10371, 120, 9, '35.01', 8),
(10371, 126, 5, '32.09', 7),
(10371, 171, 6, '19.16', 9),
(10372, 2, 9, '14.90', 2),
(10372, 32, 5, '11.36', 9),
(10372, 86, 7, '20.40', 8),
(10372, 176, 6, '26.23', 3),
(10372, 183, 5, '18.35', 5),
(10373, 19, 5, '8.84', 9),
(10373, 47, 6, '9.61', 1),
(10373, 94, 6, '28.70', 4),
(10373, 120, 8, '11.78', 7),
(10373, 133, 7, '16.46', 12),
(10373, 144, 9, '10.78', 11),
(10373, 161, 5, '16.77', 10),
(10373, 167, 8, '12.42', 13),
(10373, 170, 4, '15.14', 5),
(10374, 68, 8, '22.54', 6),
(10374, 76, 9, '21.45', 3),
(10374, 145, 8, '15.04', 2),
(10374, 148, 4, '9.69', 4),
(10375, 29, 10, '36.22', 5),
(10375, 45, 7, '17.58', 3),
(10375, 85, 5, '13.41', 9),
(10375, 94, 9, '36.97', 7),
(10375, 96, 10, '13.83', 8),
(10375, 100, 4, '12.05', 14),
(10375, 136, 9, '11.97', 4),
(10375, 142, 8, '19.39', 15),
(10375, 170, 4, '15.31', 12),
(10375, 180, 9, '12.03', 2),
(10377, 65, 7, '24.91', 2),
(10377, 107, 6, '12.32', 4),
(10377, 112, 7, '25.04', 6),
(10377, 182, 8, '28.79', 3),
(10378, 71, 8, '35.80', 1),
(10378, 90, 7, '24.39', 5),
(10378, 126, 8, '30.59', 7),
(10378, 142, 9, '10.53', 6),
(10378, 163, 7, '25.84', 3),
(10378, 184, 4, '13.35', 4),
(10378, 194, 8, '16.17', 2),
(10378, 195, 9, '29.40', 10),
(10379, 70, 6, '9.76', 3),
(10379, 99, 8, '31.28', 2),
(10379, 127, 5, '10.17', 1),
(10379, 161, 6, '22.70', 5),
(10380, 46, 7, '13.38', 3),
(10380, 77, 5, '17.67', 13),
(10380, 83, 6, '29.87', 4),
(10380, 86, 5, '37.63', 5),
(10380, 117, 7, '15.45', 6),
(10380, 122, 9, '22.31', 7),
(10380, 131, 8, '23.90', 10),
(10380, 135, 9, '15.41', 9),
(10380, 145, 7, '18.20', 11),
(10380, 157, 4, '31.39', 8),
(10380, 167, 9, '32.82', 12),
(10381, 63, 10, '22.87', 2),
(10381, 78, 5, '9.92', 9),
(10381, 137, 7, '12.15', 7),
(10381, 141, 4, '26.51', 1),
(10381, 176, 7, '18.64', 5),
(10381, 197, 7, '36.43', 3),
(10382, 2, 7, '20.23', 9),
(10382, 42, 5, '17.14', 6),
(10382, 94, 7, '33.25', 10),
(10382, 98, 4, '24.02', 3),
(10382, 112, 10, '11.51', 8),
(10382, 126, 5, '32.09', 5),
(10382, 179, 7, '19.48', 4),
(10382, 186, 10, '16.87', 7),
(10383, 30, 6, '18.98', 13),
(10383, 32, 8, '9.72', 10),
(10383, 62, 4, '10.52', 2),
(10383, 80, 6, '10.71', 5),
(10383, 102, 9, '11.19', 8),
(10383, 120, 8, '33.24', 3),
(10383, 131, 5, '23.81', 11),
(10383, 171, 4, '23.42', 4);
INSERT INTO `orderdetails` (`orderNumber`, `gameid`, `quantityOrdered`, `priceEach`, `orderLineNumber`) VALUES
(10383, 176, 5, '25.13', 9),
(10383, 182, 9, '31.16', 6),
(10383, 183, 5, '16.74', 12),
(10384, 2, 10, '14.20', 1),
(10384, 86, 6, '22.86', 3),
(10384, 133, 9, '14.34', 2),
(10385, 2, 5, '12.40', 1),
(10385, 161, 7, '15.77', 2),
(10386, 19, 10, '9.53', 16),
(10386, 47, 9, '10.48', 4),
(10386, 76, 7, '20.35', 11),
(10386, 94, 5, '26.18', 7),
(10386, 120, 8, '11.37', 1),
(10386, 144, 7, '10.91', 9),
(10386, 145, 4, '14.53', 18),
(10386, 167, 8, '11.19', 12),
(10386, 170, 7, '14.62', 5),
(10386, 180, 10, '14.35', 8),
(10387, 45, 9, '15.98', 1),
(10388, 29, 5, '8.20', 1),
(10388, 136, 7, '11.69', 8),
(10388, 170, 8, '16.08', 4),
(10389, 68, 9, '22.54', 1),
(10389, 85, 10, '12.34', 2),
(10389, 94, 5, '36.58', 4),
(10389, 107, 10, '12.78', 3),
(10389, 148, 8, '10.42', 5),
(10390, 65, 7, '23.50', 14),
(10390, 71, 8, '39.02', 11),
(10390, 96, 4, '16.27', 13),
(10390, 100, 7, '13.57', 4),
(10390, 112, 7, '26.46', 15),
(10390, 126, 7, '35.87', 5),
(10390, 131, 6, '20.60', 16),
(10390, 157, 5, '32.40', 7),
(10390, 163, 9, '26.96', 8),
(10390, 184, 8, '15.12', 9),
(10390, 194, 6, '13.26', 10),
(10390, 195, 10, '27.05', 1),
(10391, 63, 6, '22.87', 10),
(10391, 77, 7, '20.55', 2),
(10391, 78, 8, '9.49', 3),
(10391, 83, 7, '26.55', 8),
(10391, 86, 5, '36.29', 1),
(10391, 137, 9, '11.55', 5),
(10391, 141, 8, '22.14', 9),
(10391, 166, 6, '19.86', 6),
(10391, 197, 5, '39.00', 4),
(10392, 166, 7, '12.24', 3),
(10392, 176, 6, '20.73', 2),
(10392, 186, 7, '19.64', 1),
(10393, 2, 4, '16.79', 6),
(10393, 42, 8, '16.95', 4),
(10393, 98, 7, '22.49', 2),
(10393, 112, 6, '12.67', 5),
(10393, 126, 4, '27.51', 11),
(10393, 131, 8, '20.86', 7),
(10393, 179, 7, '17.72', 3),
(10394, 62, 6, '10.64', 2),
(10394, 80, 7, '9.42', 3),
(10394, 102, 6, '11.19', 4),
(10394, 120, 9, '35.36', 6),
(10394, 171, 7, '20.82', 7),
(10394, 182, 4, '27.09', 5),
(10395, 30, 9, '19.68', 4),
(10395, 32, 9, '11.60', 3),
(10395, 94, 7, '41.14', 1),
(10396, 2, 8, '12.40', 1),
(10396, 86, 10, '20.15', 6),
(10396, 133, 5, '15.40', 7),
(10396, 161, 7, '15.60', 8),
(10396, 176, 7, '25.95', 2),
(10396, 183, 5, '18.35', 4),
(10397, 47, 7, '10.59', 1),
(10398, 19, 7, '8.24', 1),
(10398, 29, 10, '38.84', 5),
(10398, 76, 9, '20.13', 16),
(10398, 94, 7, '26.18', 11),
(10398, 120, 6, '12.06', 3),
(10398, 136, 4, '12.11', 4),
(10398, 144, 7, '12.23', 13),
(10398, 145, 7, '16.56', 15),
(10398, 167, 8, '11.33', 2),
(10398, 170, 6, '14.11', 18),
(10398, 180, 9, '13.19', 14),
(10399, 45, 6, '19.58', 1),
(10399, 68, 11, '20.96', 3),
(10399, 85, 12, '15.08', 2),
(10399, 148, 6, '10.30', 4),
(10399, 170, 8, '15.50', 8),
(10400, 2, 9, '16.47', 5),
(10400, 19, 4, '8.34', 4),
(10400, 94, 7, '25.86', 1),
(10400, 120, 5, '11.10', 2),
(10400, 144, 8, '11.84', 3),
(10400, 161, 8, '14.93', 8),
(10400, 170, 6, '14.97', 7),
(10401, 29, 11, '8.29', 7),
(10401, 45, 10, '16.38', 1),
(10401, 76, 8, '17.51', 5),
(10401, 136, 12, '12.52', 6),
(10401, 145, 8, '15.04', 3),
(10401, 167, 13, '11.87', 12),
(10401, 180, 10, '13.19', 4),
(10402, 85, 12, '12.34', 3),
(10402, 148, 11, '11.63', 2),
(10403, 68, 9, '21.86', 8),
(10403, 71, 6, '35.80', 2),
(10403, 96, 6, '13.02', 3),
(10403, 100, 5, '11.50', 4),
(10403, 142, 9, '17.76', 5),
(10403, 170, 5, '17.03', 7),
(10404, 94, 13, '32.69', 3),
(10404, 142, 10, '10.65', 2),
(10404, 184, 18, '13.51', 6),
(10404, 194, 10, '13.10', 7),
(10404, 195, 6, '25.58', 5),
(10405, 107, 12, '14.48', 4),
(10405, 126, 9, '37.38', 2),
(10405, 163, 15, '25.56', 3),
(10405, 182, 11, '29.47', 1),
(10406, 65, 12, '24.91', 3),
(10406, 112, 10, '26.74', 2),
(10407, 46, 5, '13.67', 8),
(10407, 70, 13, '9.16', 10),
(10407, 90, 12, '22.90', 11),
(10407, 99, 15, '28.22', 2),
(10407, 117, 15, '16.36', 6),
(10407, 122, 12, '19.73', 5),
(10407, 127, 8, '11.62', 1),
(10407, 135, 3, '15.41', 7),
(10407, 145, 9, '20.35', 9),
(10407, 161, 8, '26.40', 12),
(10408, 167, 3, '8.21', 1),
(10409, 83, 12, '27.88', 1),
(10409, 131, 1, '20.85', 2),
(10410, 77, 13, '19.93', 7),
(10410, 78, 9, '10.24', 6),
(10410, 86, 6, '8.51', 9),
(10410, 157, 11, '29.03', 8),
(10410, 176, 7, '16.96', 2),
(10410, 179, 10, '19.09', 4),
(10410, 186, 9, '16.27', 5),
(10411, 2, 7, '17.80', 4),
(10411, 42, 5, '15.60', 1),
(10411, 63, 5, '21.93', 8),
(10411, 112, 5, '12.15', 5),
(10411, 141, 8, '22.14', 6),
(10411, 197, 5, '41.15', 9),
(10412, 30, 5, '21.07', 3),
(10412, 62, 4, '9.48', 2),
(10412, 80, 4, '10.17', 7),
(10412, 98, 14, '21.98', 10),
(10412, 120, 6, '32.88', 6),
(10412, 126, 8, '30.13', 4),
(10412, 131, 11, '24.06', 8),
(10412, 137, 9, '9.97', 11),
(10412, 171, 6, '21.76', 1),
(10412, 182, 12, '31.50', 9),
(10413, 32, 10, '10.66', 4),
(10413, 94, 7, '40.31', 2),
(10413, 102, 5, '11.31', 6),
(10414, 47, 9, '10.92', 9),
(10414, 86, 9, '21.63', 10),
(10414, 133, 12, '14.52', 5),
(10414, 161, 10, '14.59', 2),
(10414, 170, 9, '15.48', 1),
(10414, 176, 8, '25.68', 12),
(10414, 183, 10, '17.14', 14),
(10415, 2, 6, '14.66', 4),
(10415, 19, 8, '8.64', 3),
(10415, 120, 4, '12.19', 1),
(10415, 144, 4, '11.97', 2),
(10416, 29, 7, '39.71', 8),
(10416, 45, 9, '17.38', 2),
(10416, 76, 9, '18.16', 6),
(10416, 85, 6, '12.49', 1),
(10416, 94, 5, '25.86', 14),
(10416, 136, 5, '13.62', 7),
(10416, 145, 3, '14.19', 4),
(10416, 167, 4, '12.97', 13),
(10416, 180, 10, '14.06', 5),
(10417, 68, 7, '21.86', 3),
(10417, 148, 7, '11.75', 6),
(10417, 170, 13, '15.89', 2),
(10418, 71, 9, '36.61', 6),
(10418, 96, 8, '14.48', 7),
(10418, 100, 10, '12.88', 8),
(10418, 142, 10, '20.00', 9),
(10418, 184, 3, '14.15', 2),
(10418, 194, 2, '13.26', 3),
(10418, 195, 5, '27.93', 1),
(10419, 65, 8, '23.50', 5),
(10419, 90, 7, '20.16', 1),
(10419, 94, 2, '36.58', 13),
(10419, 107, 8, '13.55', 9),
(10419, 112, 7, '26.74', 4),
(10419, 126, 3, '32.10', 7),
(10419, 142, 11, '10.53', 12),
(10419, 161, 11, '23.23', 2),
(10419, 163, 14, '22.47', 8),
(10419, 182, 7, '33.19', 6),
(10420, 46, 12, '12.05', 11),
(10420, 70, 7, '9.76', 13),
(10420, 83, 9, '32.19', 1),
(10420, 99, 7, '30.60', 5),
(10420, 117, 8, '15.27', 9),
(10420, 122, 11, '23.02', 8),
(10420, 127, 7, '10.41', 4),
(10420, 131, 9, '23.39', 2),
(10420, 135, 7, '15.41', 10),
(10420, 145, 5, '20.99', 12),
(10420, 167, 3, '35.29', 3),
(10421, 86, 8, '8.96', 2),
(10421, 157, 7, '33.41', 1),
(10422, 77, 10, '18.29', 2),
(10422, 78, 5, '9.49', 1),
(10423, 176, 4, '19.69', 2),
(10423, 179, 6, '15.78', 4),
(10423, 186, 4, '16.07', 5),
(10424, 2, 9, '17.20', 1),
(10424, 63, 11, '21.70', 5),
(10424, 112, 9, '10.99', 2),
(10424, 141, 10, '24.33', 3),
(10424, 197, 10, '40.29', 6),
(10425, 30, 4, '18.98', 2),
(10425, 42, 8, '16.76', 11),
(10425, 62, 11, '10.75', 1),
(10425, 80, 2, '10.06', 6),
(10425, 98, 10, '25.56', 9),
(10425, 120, 6, '31.82', 5),
(10425, 126, 6, '29.47', 3),
(10425, 131, 8, '23.56', 7),
(10425, 137, 4, '9.72', 10),
(10425, 182, 6, '28.11', 8);

-- --------------------------------------------------------

--
-- Table structure for table `orders`
--

CREATE TABLE `orders` (
  `orderNumber` int(11) NOT NULL,
  `orderDate` date NOT NULL,
  `requiredDate` date NOT NULL,
  `shippedDate` date DEFAULT NULL,
  `status` varchar(15) NOT NULL,
  `comments` text,
  `customerNumber` int(11) NOT NULL,
  `employeeid` int(11) NOT NULL,
  `TotalQuantityOrdered` int(11) NOT NULL
) ENGINE=InnoDB DEFAULT CHARSET=latin1;

--
-- Dumping data for table `orders`
--

INSERT INTO `orders` (`orderNumber`, `orderDate`, `requiredDate`, `shippedDate`, `status`, `comments`, `customerNumber`, `employeeid`, `TotalQuantityOrdered`) VALUES
(10100, '2016-01-06', '2016-01-13', '2016-01-10', 'Shipped', NULL, 363, 114, 26),
(10101, '2016-01-09', '2016-01-18', '2016-01-11', 'Shipped', 'Check on availability.', 128, 120, 28),
(10102, '2016-01-10', '2016-01-18', '2016-01-14', 'Shipped', NULL, 181, 112, 16),
(10103, '2016-01-29', '2016-02-07', '2016-02-02', 'Shipped', NULL, 121, 122, 70),
(10104, '2016-01-31', '2016-02-09', '2016-02-01', 'Shipped', NULL, 141, 106, 67),
(10105, '2016-02-11', '2016-02-21', '2016-02-12', 'Shipped', NULL, 145, 108, 53),
(10106, '2016-02-17', '2016-02-24', '2016-02-21', 'Shipped', NULL, 278, 121, 84),
(10107, '2016-02-24', '2016-03-03', '2016-02-26', 'Shipped', 'Difficult to negotiate with customer. We need more marketing materials', 131, 114, 29),
(10108, '2016-03-03', '2016-03-12', '2016-03-08', 'Shipped', NULL, 385, 108, 59),
(10109, '2016-03-10', '2016-03-19', '2016-03-11', 'Shipped', 'Customer requested that FedEx Ground is used for this shipping', 486, 120, 33),
(10110, '2016-03-18', '2016-03-24', '2016-03-20', 'Shipped', NULL, 187, 107, 99),
(10111, '2016-03-25', '2016-03-31', '2016-03-30', 'Shipped', NULL, 129, 122, 45),
(10112, '2016-03-24', '2016-04-03', '2016-03-29', 'Shipped', 'Customer requested that ad materials (such as posters, pamphlets) be included in the shippment', 144, 119, 11),
(10113, '2016-03-26', '2016-04-02', '2016-03-27', 'Shipped', NULL, 124, 109, 19),
(10114, '2016-04-01', '2016-04-07', '2016-04-02', 'Shipped', NULL, 172, 111, 56),
(10115, '2016-04-04', '2016-04-12', '2016-04-07', 'Shipped', NULL, 424, 102, 32),
(10116, '2016-04-11', '2016-04-19', '2016-04-13', 'Shipped', NULL, 381, 121, 5),
(10117, '2016-04-16', '2016-04-24', '2016-04-17', 'Shipped', NULL, 148, 110, 38),
(10118, '2016-04-21', '2016-04-29', '2016-04-26', 'Shipped', 'Customer has worked with some of our vendors in the past and is aware of their MSRP', 216, 110, 7),
(10119, '2016-04-28', '2016-05-05', '2016-05-02', 'Shipped', NULL, 382, 120, 51),
(10120, '2016-04-29', '2016-05-08', '2016-05-01', 'Shipped', NULL, 114, 103, 63),
(10121, '2016-05-07', '2016-05-13', '2016-05-13', 'Shipped', NULL, 353, 121, 27),
(10122, '2016-05-08', '2016-05-16', '2016-05-13', 'Shipped', NULL, 350, 105, 79),
(10123, '2016-05-20', '2016-05-29', '2016-05-22', 'Shipped', NULL, 103, 108, 24),
(10124, '2016-05-21', '2016-05-29', '2016-05-25', 'Shipped', 'Customer very concerned about the exact color of the models. There is high risk that he may dispute the order because there is a slight color mismatch', 112, 104, 76),
(10125, '2016-05-21', '2016-05-27', '2016-05-24', 'Shipped', NULL, 114, 115, 13),
(10126, '2016-05-28', '2016-06-07', '2016-06-02', 'Shipped', NULL, 458, 121, 86),
(10127, '2016-06-03', '2016-06-09', '2016-06-06', 'Shipped', 'Customer requested special shippment. The instructions were passed along to the warehouse', 151, 114, 80),
(10128, '2016-06-06', '2016-06-12', '2016-06-11', 'Shipped', NULL, 141, 105, 22),
(10129, '2016-06-12', '2016-06-18', '2016-06-14', 'Shipped', NULL, 324, 104, 33),
(10130, '2016-06-16', '2016-06-24', '2016-06-21', 'Shipped', NULL, 198, 107, 8),
(10131, '2016-06-16', '2016-06-25', '2016-06-21', 'Shipped', NULL, 447, 121, 31),
(10132, '2016-06-25', '2016-07-01', '2016-06-28', 'Shipped', NULL, 323, 119, 7),
(10133, '2016-06-27', '2016-07-04', '2016-07-03', 'Shipped', NULL, 141, 107, 47),
(10134, '2016-07-01', '2016-07-10', '2016-07-05', 'Shipped', NULL, 250, 102, 30),
(10135, '2016-07-02', '2016-07-12', '2016-07-03', 'Shipped', NULL, 124, 109, 75),
(10136, '2016-07-04', '2016-07-14', '2016-07-06', 'Shipped', 'Customer is interested in buying more Ferrari models', 242, 117, 20),
(10137, '2016-07-10', '2016-07-20', '2016-07-14', 'Shipped', NULL, 353, 112, 21),
(10138, '2016-07-07', '2016-07-16', '2016-07-13', 'Shipped', NULL, 496, 110, 71),
(10139, '2016-07-16', '2016-07-23', '2016-07-21', 'Shipped', NULL, 282, 114, 40),
(10140, '2016-07-24', '2016-08-02', '2016-07-30', 'Shipped', NULL, 161, 118, 57),
(10141, '2016-08-01', '2016-08-09', '2016-08-04', 'Shipped', NULL, 334, 103, 54),
(10142, '2016-08-08', '2016-08-16', '2016-08-13', 'Shipped', NULL, 124, 106, 61),
(10143, '2016-08-10', '2016-08-18', '2016-08-12', 'Shipped', 'Can we deliver the new Ford Mustang models by end-of-quarter?', 320, 119, 52),
(10144, '2016-08-13', '2016-08-21', '2016-08-14', 'Shipped', NULL, 381, 111, 4),
(10145, '2016-08-25', '2016-09-02', '2016-08-31', 'Shipped', NULL, 205, 118, 89),
(10146, '2016-09-03', '2016-09-13', '2016-09-06', 'Shipped', NULL, 447, 112, 0),
(10147, '2016-09-05', '2016-09-12', '2016-09-09', 'Shipped', NULL, 379, 106, 51),
(10148, '2016-09-11', '2016-09-21', '2016-09-15', 'Shipped', 'They want to reevaluate their terms agreement with Finance.', 276, 118, 66),
(10149, '2016-09-12', '2016-09-18', '2016-09-17', 'Shipped', NULL, 487, 102, 74),
(10150, '2016-09-19', '2016-09-27', '2016-09-21', 'Shipped', 'They want to reevaluate their terms agreement with Finance.', 148, 101, 41),
(10151, '2016-09-21', '2016-09-30', '2016-09-24', 'Shipped', NULL, 311, 122, 63),
(10152, '2016-09-25', '2016-10-03', '2016-10-01', 'Shipped', NULL, 333, 119, 17),
(10153, '2016-09-28', '2016-10-05', '2016-10-03', 'Shipped', NULL, 141, 107, 40),
(10154, '2016-10-02', '2016-10-12', '2016-10-08', 'Shipped', NULL, 219, 121, 13),
(10155, '2016-10-06', '2016-10-13', '2016-10-07', 'Shipped', NULL, 186, 117, 52),
(10156, '2016-10-08', '2016-10-17', '2016-10-11', 'Shipped', NULL, 141, 120, 14),
(10157, '2016-10-09', '2016-10-15', '2016-10-14', 'Shipped', NULL, 473, 107, 45),
(10158, '2016-10-10', '2016-10-18', '2016-10-15', 'Shipped', NULL, 121, 119, 4),
(10159, '2016-10-10', '2016-10-19', '2016-10-16', 'Shipped', NULL, 321, 109, 67),
(10160, '2016-10-11', '2016-10-17', '2016-10-17', 'Shipped', NULL, 347, 106, 27),
(10161, '2016-10-17', '2016-10-25', '2016-10-20', 'Shipped', NULL, 227, 103, 61),
(10162, '2016-10-18', '2016-10-26', '2016-10-19', 'Shipped', NULL, 321, 120, 71),
(10163, '2016-10-20', '2016-10-27', '2016-10-24', 'Shipped', NULL, 424, 103, 29),
(10164, '2016-10-21', '2016-10-30', '2016-10-23', 'Resolved', 'This order was disputed, but resolved on 11/1/2003; Customer doesn\'t like the colors and precision of the models.', 452, 122, 40),
(10165, '2016-10-22', '2016-10-31', '2016-12-26', 'Shipped', 'This order was on hold because customers\'s credit limit had been exceeded. Order will ship when payment is received', 148, 110, 107),
(10166, '2016-10-21', '2016-10-30', '2016-10-27', 'Shipped', NULL, 462, 106, 15),
(10167, '2016-10-23', '2016-10-30', NULL, 'Cancelled', 'Customer called to cancel. The warehouse was notified in time and the order didn\'t ship. They have a new VP of Sales and are shifting their sales model. Our VP of Sales should contact them.', 448, 121, 61),
(10168, '2016-10-28', '2016-11-03', '2016-11-01', 'Shipped', NULL, 161, 101, 83),
(10169, '2016-11-04', '2016-11-14', '2016-11-09', 'Shipped', NULL, 276, 106, 47),
(10170, '2016-11-04', '2016-11-12', '2016-11-07', 'Shipped', NULL, 452, 104, 11),
(10171, '2016-11-05', '2016-11-13', '2016-11-07', 'Shipped', NULL, 233, 103, 29),
(10172, '2016-11-05', '2016-11-14', '2016-11-11', 'Shipped', NULL, 175, 122, 42),
(10173, '2016-11-05', '2016-11-15', '2016-11-09', 'Shipped', 'Cautious optimism. We have happy customers here, if we can keep them well stocked.  I need all the information I can get on the planned shippments of Porches', 278, 114, 84),
(10174, '2016-11-06', '2016-11-15', '2016-11-10', 'Shipped', NULL, 333, 102, 35),
(10175, '2016-11-06', '2016-11-14', '2016-11-09', 'Shipped', NULL, 324, 113, 65),
(10176, '2016-11-06', '2016-11-15', '2016-11-12', 'Shipped', NULL, 386, 114, 39),
(10177, '2016-11-07', '2016-11-17', '2016-11-12', 'Shipped', NULL, 344, 109, 38),
(10178, '2016-11-08', '2016-11-16', '2016-11-10', 'Shipped', 'Custom shipping instructions sent to warehouse', 242, 103, 47),
(10179, '2016-11-11', '2016-11-17', '2016-11-13', 'Cancelled', 'Customer cancelled due to urgent budgeting issues. Must be cautious when dealing with them in the future. Since order shipped already we must discuss who would cover the shipping charges.', 496, 110, 40),
(10180, '2016-11-11', '2016-11-19', '2016-11-14', 'Shipped', NULL, 171, 118, 55),
(10181, '2016-11-12', '2016-11-19', '2016-11-15', 'Shipped', NULL, 167, 113, 78),
(10182, '2016-11-12', '2016-11-21', '2016-11-18', 'Shipped', NULL, 124, 113, 99),
(10183, '2016-11-13', '2016-11-22', '2016-11-15', 'Shipped', 'We need to keep in close contact with their Marketing VP. He is the decision maker for all their purchases.', 339, 103, 45),
(10184, '2016-11-14', '2016-11-22', '2016-11-20', 'Shipped', NULL, 484, 119, 97),
(10185, '2016-11-14', '2016-11-21', '2016-11-20', 'Shipped', NULL, 320, 118, 43),
(10186, '2016-11-14', '2016-11-20', '2016-11-18', 'Shipped', 'They want to reevaluate their terms agreement with the VP of Sales', 489, 111, 38),
(10187, '2016-11-15', '2016-11-24', '2016-11-16', 'Shipped', NULL, 211, 122, 48),
(10188, '2016-11-18', '2016-11-26', '2016-11-24', 'Shipped', NULL, 167, 113, 44),
(10189, '2016-11-18', '2016-11-25', '2016-11-24', 'Shipped', 'They want to reevaluate their terms agreement with Finance.', 205, 117, 0),
(10190, '2016-11-19', '2016-11-29', '2016-11-20', 'Shipped', NULL, 141, 105, 33),
(10191, '2016-11-20', '2016-11-30', '2016-11-24', 'Shipped', 'We must be cautions with this customer. Their VP of Sales resigned. Company may be heading down.', 259, 115, 35),
(10192, '2016-11-20', '2016-11-29', '2016-11-25', 'Shipped', NULL, 363, 115, 101),
(10193, '2016-11-21', '2016-11-28', '2016-11-27', 'Shipped', NULL, 471, 108, 68),
(10194, '2016-11-25', '2016-12-02', '2016-11-26', 'Shipped', NULL, 146, 117, 59),
(10195, '2016-11-25', '2016-12-01', '2016-11-28', 'Shipped', NULL, 319, 114, 67),
(10196, '2016-11-26', '2016-12-03', '2016-12-01', 'Shipped', NULL, 455, 121, 45),
(10197, '2016-11-26', '2016-12-02', '2016-12-01', 'Shipped', 'Customer inquired about remote controlled models and gold models.', 216, 119, 44),
(10198, '2016-11-27', '2016-12-06', '2016-12-03', 'Shipped', NULL, 385, 107, 32),
(10199, '2016-12-01', '2016-12-10', '2016-12-06', 'Shipped', NULL, 475, 122, 6),
(10200, '2016-12-01', '2016-12-09', '2016-12-06', 'Shipped', NULL, 211, 101, 41),
(10201, '2016-12-01', '2016-12-11', '2016-12-02', 'Shipped', NULL, 129, 105, 23),
(10202, '2016-12-02', '2016-12-09', '2016-12-06', 'Shipped', NULL, 357, 122, 39),
(10203, '2016-12-02', '2016-12-11', '2016-12-07', 'Shipped', NULL, 141, 105, 56),
(10204, '2016-12-02', '2016-12-10', '2016-12-04', 'Shipped', NULL, 151, 104, 102),
(10205, '2016-12-03', '2016-12-09', '2016-12-07', 'Shipped', ' I need all the information I can get on our competitors.', 141, 106, 36),
(10206, '2016-12-05', '2016-12-13', '2016-12-08', 'Shipped', 'Can we renegotiate this one?', 202, 115, 55),
(10207, '2016-12-09', '2016-12-17', '2016-12-11', 'Shipped', 'Check on availability.', 495, 112, 93),
(10208, '2016-01-02', '2016-01-11', '2016-01-04', 'Shipped', NULL, 146, 114, 49),
(10209, '2016-01-09', '2016-01-15', '2016-01-12', 'Shipped', NULL, 347, 114, 43),
(10210, '2016-01-12', '2016-01-22', '2016-01-20', 'Shipped', NULL, 177, 104, 75),
(10211, '2016-01-15', '2016-01-25', '2016-01-18', 'Shipped', NULL, 406, 121, 58),
(10212, '2016-01-16', '2016-01-24', '2016-01-18', 'Shipped', NULL, 141, 107, 99),
(10213, '2016-01-22', '2016-01-28', '2016-01-27', 'Shipped', 'Difficult to negotiate with customer. We need more marketing materials', 489, 113, 5),
(10214, '2016-01-26', '2016-02-04', '2016-01-29', 'Shipped', NULL, 458, 121, 48),
(10215, '2016-01-29', '2016-02-08', '2016-02-01', 'Shipped', 'Customer requested that FedEx Ground is used for this shipping', 475, 122, 54),
(10216, '2016-02-02', '2016-02-10', '2016-02-04', 'Shipped', NULL, 256, 103, 9),
(10217, '2016-02-04', '2016-02-14', '2016-02-06', 'Shipped', NULL, 166, 115, 31),
(10218, '2016-02-09', '2016-02-16', '2016-02-11', 'Shipped', 'Customer requested that ad materials (such as posters, pamphlets) be included in the shippment', 473, 120, 11),
(10219, '2016-02-10', '2016-02-17', '2016-02-12', 'Shipped', NULL, 487, 110, 20),
(10220, '2016-02-12', '2016-02-19', '2016-02-16', 'Shipped', NULL, 189, 113, 35),
(10221, '2016-02-18', '2016-02-26', '2016-02-19', 'Shipped', NULL, 314, 113, 27),
(10222, '2016-02-19', '2016-02-27', '2016-02-20', 'Shipped', NULL, 239, 103, 76),
(10223, '2016-02-20', '2016-02-29', '2016-02-24', 'Shipped', NULL, 114, 121, 64),
(10224, '2016-02-21', '2016-03-02', '2016-02-26', 'Shipped', 'Customer has worked with some of our vendors in the past and is aware of their MSRP', 171, 105, 32),
(10225, '2016-02-22', '2016-03-01', '2016-02-24', 'Shipped', NULL, 298, 108, 71),
(10226, '2016-02-26', '2016-03-06', '2016-03-02', 'Shipped', NULL, 239, 101, 39),
(10227, '2016-03-02', '2016-03-12', '2016-03-08', 'Shipped', NULL, 146, 104, 86),
(10228, '2016-03-10', '2016-03-18', '2016-03-13', 'Shipped', NULL, 173, 115, 25),
(10229, '2016-03-11', '2016-03-20', '2016-03-12', 'Shipped', NULL, 124, 121, 63),
(10230, '2016-03-15', '2016-03-24', '2016-03-20', 'Shipped', 'Customer very concerned about the exact color of the models. There is high risk that he may dispute the order because there is a slight color mismatch', 128, 114, 51),
(10231, '2016-03-19', '2016-03-26', '2016-03-25', 'Shipped', NULL, 344, 108, 8),
(10232, '2016-03-20', '2016-03-30', '2016-03-25', 'Shipped', NULL, 240, 117, 28),
(10233, '2016-03-29', '2016-04-04', '2016-04-02', 'Shipped', 'Customer requested special shippment. The instructions were passed along to the warehouse', 328, 117, 8),
(10234, '2016-03-30', '2016-04-05', '2016-04-02', 'Shipped', NULL, 412, 111, 54),
(10235, '2016-04-02', '2016-04-12', '2016-04-06', 'Shipped', NULL, 260, 106, 48),
(10236, '2016-04-03', '2016-04-11', '2016-04-08', 'Shipped', NULL, 486, 117, 12),
(10237, '2016-04-05', '2016-04-12', '2016-04-10', 'Shipped', NULL, 181, 122, 28),
(10238, '2016-04-09', '2016-04-16', '2016-04-10', 'Shipped', NULL, 145, 113, 37),
(10239, '2016-04-12', '2016-04-21', '2016-04-17', 'Shipped', NULL, 311, 121, 28),
(10240, '2016-04-13', '2016-04-20', '2016-04-20', 'Shipped', NULL, 177, 101, 15),
(10241, '2016-04-13', '2016-04-20', '2016-04-19', 'Shipped', NULL, 209, 106, 61),
(10242, '2016-04-20', '2016-04-28', '2016-04-25', 'Shipped', 'Customer is interested in buying more Ferrari models', 456, 107, 9),
(10243, '2016-04-26', '2016-05-03', '2016-04-28', 'Shipped', NULL, 495, 115, 16),
(10244, '2016-04-29', '2016-05-09', '2016-05-04', 'Shipped', NULL, 141, 108, 50),
(10245, '2016-05-04', '2016-05-12', '2016-05-09', 'Shipped', NULL, 455, 117, 46),
(10246, '2016-05-05', '2016-05-13', '2016-05-06', 'Shipped', NULL, 141, 115, 70),
(10247, '2016-05-05', '2016-05-11', '2016-05-08', 'Shipped', NULL, 334, 103, 27),
(10248, '2016-05-07', '2016-05-14', NULL, 'Cancelled', 'Order was mistakenly placed. The warehouse noticed the lack of documentation.', 131, 115, 44),
(10249, '2016-05-08', '2016-05-17', '2016-05-11', 'Shipped', 'Can we deliver the new Ford Mustang models by end-of-quarter?', 173, 119, 23),
(10250, '2016-05-11', '2016-05-19', '2016-05-15', 'Shipped', NULL, 450, 108, 64),
(10251, '2016-05-18', '2016-05-24', '2016-05-24', 'Shipped', NULL, 328, 102, 31),
(10252, '2016-05-26', '2016-06-04', '2016-05-29', 'Shipped', NULL, 406, 110, 51),
(10253, '2016-06-01', '2016-06-09', '2016-06-02', 'Cancelled', 'Customer disputed the order and we agreed to cancel it. We must be more cautions with this customer going forward, since they are very hard to please. We must cover the shipping fees.', 201, 121, 63),
(10254, '2016-06-03', '2016-06-13', '2016-06-04', 'Shipped', 'Customer requested that DHL is used for this shipping', 323, 108, 81),
(10255, '2016-06-04', '2016-06-12', '2016-06-09', 'Shipped', NULL, 209, 120, 12),
(10256, '2016-06-08', '2016-06-16', '2016-06-10', 'Shipped', NULL, 145, 112, 13),
(10257, '2016-06-14', '2016-06-24', '2016-06-15', 'Shipped', NULL, 450, 119, 21),
(10258, '2016-06-15', '2016-06-25', '2016-06-23', 'Shipped', NULL, 398, 117, 35),
(10259, '2016-06-15', '2016-06-22', '2016-06-17', 'Shipped', NULL, 166, 103, 68),
(10260, '2016-06-16', '2016-06-22', NULL, 'Cancelled', 'Customer heard complaints from their customers and called to cancel this order. Will notify the Sales Manager.', 357, 108, 42),
(10261, '2016-06-17', '2016-06-25', '2016-06-22', 'Shipped', NULL, 233, 110, 17),
(10262, '2016-06-24', '2016-07-01', NULL, 'Cancelled', 'This customer found a better offer from one of our competitors. Will call back to renegotiate.', 141, 102, 79),
(10263, '2016-06-28', '2016-07-04', '2016-07-02', 'Shipped', NULL, 175, 103, 56),
(10264, '2016-06-30', '2016-07-06', '2016-07-01', 'Shipped', 'Customer will send a truck to our local warehouse on 7/1/2004', 362, 109, 36),
(10265, '2016-07-02', '2016-07-09', '2016-07-07', 'Shipped', NULL, 471, 112, 19),
(10266, '2016-07-06', '2016-07-14', '2016-07-10', 'Shipped', NULL, 386, 113, 74),
(10267, '2016-07-07', '2016-07-17', '2016-07-09', 'Shipped', NULL, 151, 105, 43),
(10268, '2016-07-12', '2016-07-18', '2016-07-14', 'Shipped', NULL, 412, 109, 74),
(10269, '2016-07-16', '2016-07-22', '2016-07-18', 'Shipped', NULL, 382, 105, 16),
(10270, '2016-07-19', '2016-07-27', '2016-07-24', 'Shipped', 'Can we renegotiate this one?', 282, 120, 52),
(10271, '2016-07-20', '2016-07-29', '2016-07-23', 'Shipped', NULL, 124, 118, 73),
(10272, '2016-07-20', '2016-07-26', '2016-07-22', 'Shipped', NULL, 157, 108, 25),
(10273, '2016-07-21', '2016-07-28', '2016-07-22', 'Shipped', NULL, 314, 109, 50),
(10274, '2016-07-21', '2016-07-29', '2016-07-22', 'Shipped', NULL, 379, 122, 32),
(10275, '2016-07-23', '2016-08-02', '2016-07-29', 'Shipped', NULL, 119, 113, 70),
(10276, '2016-08-02', '2016-08-11', '2016-08-08', 'Shipped', NULL, 204, 121, 52),
(10277, '2016-08-04', '2016-08-12', '2016-08-05', 'Shipped', NULL, 148, 122, 0),
(10278, '2016-08-06', '2016-08-16', '2016-08-09', 'Shipped', NULL, 112, 104, 58),
(10279, '2016-08-09', '2016-08-19', '2016-08-15', 'Shipped', 'Cautious optimism. We have happy customers here, if we can keep them well stocked.  I need all the information I can get on the planned shippments of Porches', 141, 119, 43),
(10280, '2016-08-17', '2016-08-27', '2016-08-19', 'Shipped', NULL, 249, 115, 85),
(10281, '2016-08-19', '2016-08-28', '2016-08-23', 'Shipped', NULL, 157, 117, 59),
(10282, '2016-08-20', '2016-08-26', '2016-08-22', 'Shipped', NULL, 124, 116, 74),
(10283, '2016-08-20', '2016-08-30', '2016-08-23', 'Shipped', NULL, 260, 110, 42),
(10284, '2016-08-21', '2016-08-29', '2016-08-26', 'Shipped', 'Custom shipping instructions sent to warehouse', 299, 101, 58),
(10285, '2016-08-27', '2016-09-04', '2016-08-31', 'Shipped', NULL, 286, 120, 70),
(10286, '2016-08-28', '2016-09-06', '2016-09-01', 'Shipped', NULL, 172, 106, 0),
(10287, '2016-08-30', '2016-09-06', '2016-09-01', 'Shipped', NULL, 298, 115, 85),
(10288, '2016-09-01', '2016-09-11', '2016-09-05', 'Shipped', NULL, 166, 111, 84),
(10289, '2016-09-03', '2016-09-13', '2016-09-04', 'Shipped', 'We need to keep in close contact with their Marketing VP. He is the decision maker for all their purchases.', 167, 112, 31),
(10290, '2016-09-07', '2016-09-15', '2016-09-13', 'Shipped', NULL, 198, 103, 14),
(10291, '2016-09-08', '2016-09-17', '2016-09-14', 'Shipped', NULL, 448, 101, 60),
(10292, '2016-09-08', '2016-09-18', '2016-09-11', 'Shipped', 'They want to reevaluate their terms agreement with Finance.', 131, 116, 69),
(10293, '2016-09-09', '2016-09-18', '2016-09-14', 'Shipped', NULL, 249, 109, 34),
(10294, '2016-09-10', '2016-09-17', '2016-09-14', 'Shipped', NULL, 204, 122, 9),
(10295, '2016-09-10', '2016-09-17', '2016-09-14', 'Shipped', 'They want to reevaluate their terms agreement with Finance.', 362, 115, 9),
(10296, '2016-09-15', '2016-09-22', '2016-09-16', 'Shipped', NULL, 415, 111, 40),
(10297, '2016-09-16', '2016-09-22', '2016-09-21', 'Shipped', 'We must be cautions with this customer. Their VP of Sales resigned. Company may be heading down.', 189, 107, 40),
(10298, '2016-09-27', '2016-10-05', '2016-10-01', 'Shipped', NULL, 103, 101, 6),
(10299, '2016-09-30', '2016-10-10', '2016-10-01', 'Shipped', NULL, 186, 107, 49),
(10300, '2016-10-04', '2016-10-13', '2016-10-09', 'Shipped', NULL, 128, 107, 36),
(10301, '2016-10-05', '2016-10-15', '2016-10-08', 'Shipped', NULL, 299, 116, 64),
(10302, '2016-10-06', '2016-10-16', '2016-10-07', 'Shipped', NULL, 201, 112, 38),
(10303, '2016-10-06', '2016-10-14', '2016-10-09', 'Shipped', 'Customer inquired about remote controlled models and gold models.', 484, 114, 14),
(10304, '2016-10-11', '2016-10-20', '2016-10-17', 'Shipped', NULL, 256, 110, 98),
(10305, '2016-10-13', '2016-10-22', '2016-10-15', 'Shipped', 'Check on availability.', 286, 108, 80),
(10306, '2016-10-14', '2016-10-21', '2016-10-17', 'Shipped', NULL, 187, 111, 55),
(10307, '2016-10-14', '2016-10-23', '2016-10-20', 'Shipped', NULL, 339, 107, 41),
(10308, '2016-10-15', '2016-10-24', '2016-10-20', 'Shipped', 'Customer requested that FedEx Ground is used for this shipping', 319, 103, 68),
(10309, '2016-10-15', '2016-10-24', '2016-10-18', 'Shipped', NULL, 121, 114, 33),
(10310, '2016-10-16', '2016-10-24', '2016-10-18', 'Shipped', NULL, 259, 117, 89),
(10311, '2016-10-16', '2016-10-23', '2016-10-20', 'Shipped', 'Difficult to negotiate with customer. We need more marketing materials', 141, 120, 58),
(10312, '2016-10-21', '2016-10-27', '2016-10-23', 'Shipped', NULL, 124, 105, 100),
(10313, '2016-10-22', '2016-10-28', '2016-10-25', 'Shipped', 'Customer requested that FedEx Ground is used for this shipping', 202, 107, 56),
(10314, '2016-10-22', '2016-11-01', '2016-10-23', 'Shipped', NULL, 227, 119, 76),
(10315, '2016-10-29', '2016-11-08', '2016-10-30', 'Shipped', NULL, 119, 110, 20),
(10316, '2016-11-01', '2016-11-09', '2016-11-07', 'Shipped', 'Customer requested that ad materials (such as posters, pamphlets) be included in the shippment', 240, 112, 60),
(10317, '2016-11-02', '2016-11-12', '2016-11-08', 'Shipped', NULL, 161, 110, 7),
(10318, '2016-11-02', '2016-11-09', '2016-11-07', 'Shipped', NULL, 157, 113, 57),
(10319, '2016-11-03', '2016-11-11', '2016-11-06', 'Shipped', 'Customer requested that DHL is used for this shipping', 456, 113, 43),
(10320, '2016-11-03', '2016-11-13', '2016-11-07', 'Shipped', NULL, 144, 103, 16),
(10321, '2016-11-04', '2016-11-12', '2016-11-07', 'Shipped', NULL, 462, 121, 87),
(10322, '2016-11-04', '2016-11-12', '2016-11-10', 'Shipped', 'Customer has worked with some of our vendors in the past and is aware of their MSRP', 363, 107, 78),
(10323, '2016-11-05', '2016-11-12', '2016-11-09', 'Shipped', NULL, 128, 115, 7),
(10324, '2016-11-05', '2016-11-11', '2016-11-08', 'Shipped', NULL, 181, 108, 66),
(10325, '2016-11-05', '2016-11-13', '2016-11-08', 'Shipped', NULL, 121, 120, 53),
(10326, '2016-11-09', '2016-11-16', '2016-11-10', 'Shipped', NULL, 144, 106, 34),
(10327, '2016-11-10', '2016-11-19', '2016-11-13', 'Resolved', 'Order was disputed and resolved on 12/1/04. The Sales Manager was involved. Customer claims the scales of the models don\'t match what was discussed.', 145, 115, 26),
(10328, '2016-11-12', '2016-11-21', '2016-11-18', 'Shipped', 'Customer very concerned about the exact color of the models. There is high risk that he may dispute the order because there is a slight color mismatch', 278, 111, 51),
(10329, '2016-11-15', '2016-11-24', '2016-11-16', 'Shipped', NULL, 131, 111, 69),
(10330, '2016-11-16', '2016-11-25', '2016-11-21', 'Shipped', NULL, 385, 121, 15),
(10331, '2016-11-17', '2016-11-23', '2016-11-23', 'Shipped', 'Customer requested special shippment. The instructions were passed along to the warehouse', 486, 105, 70),
(10332, '2016-11-17', '2016-11-25', '2016-11-18', 'Shipped', NULL, 187, 108, 110),
(10333, '2016-11-18', '2016-11-27', '2016-11-20', 'Shipped', NULL, 129, 122, 48),
(10334, '2016-11-19', '2016-11-28', NULL, 'On Hold', 'The outstaniding balance for this customer exceeds their credit limit. Order will be shipped when a payment is received.', 144, 120, 28),
(10335, '2016-11-19', '2016-11-29', '2016-11-23', 'Shipped', NULL, 124, 110, 24),
(10336, '2016-11-20', '2016-11-26', '2016-11-24', 'Shipped', 'Customer requested that DHL is used for this shipping', 172, 114, 66),
(10337, '2016-11-21', '2016-11-30', '2016-11-26', 'Shipped', NULL, 424, 118, 18),
(10338, '2016-11-22', '2016-12-02', '2016-11-27', 'Shipped', NULL, 381, 104, 14),
(10339, '2016-11-23', '2016-11-30', '2016-11-30', 'Shipped', NULL, 398, 107, 70),
(10340, '2016-11-24', '2016-12-01', '2016-11-25', 'Shipped', 'Customer is interested in buying more Ferrari models', 216, 102, 46),
(10341, '2016-11-24', '2016-12-01', '2016-11-29', 'Shipped', NULL, 382, 111, 44),
(10342, '2016-11-24', '2016-12-01', '2016-11-29', 'Shipped', NULL, 114, 105, 71),
(10343, '2016-11-24', '2016-12-01', '2016-11-26', 'Shipped', NULL, 353, 114, 29),
(10344, '2016-11-25', '2016-12-02', '2016-11-29', 'Shipped', NULL, 350, 108, 33),
(10345, '2016-11-25', '2016-12-01', '2016-11-26', 'Shipped', NULL, 103, 122, 9),
(10346, '2016-11-29', '2016-12-05', '2016-11-30', 'Shipped', NULL, 112, 120, 32),
(10347, '2016-11-29', '2016-12-07', '2016-11-30', 'Shipped', 'Can we deliver the new Ford Mustang models by end-of-quarter?', 114, 109, 52),
(10348, '2016-11-01', '2016-11-08', '2016-11-05', 'Shipped', NULL, 458, 110, 45),
(10349, '2016-12-01', '2016-12-07', '2016-12-03', 'Shipped', NULL, 151, 119, 55),
(10350, '2016-12-02', '2016-12-08', '2016-12-05', 'Shipped', NULL, 141, 121, 68),
(10351, '2016-12-03', '2016-12-11', '2016-12-07', 'Shipped', NULL, 324, 103, 28),
(10352, '2016-12-03', '2016-12-12', '2016-12-09', 'Shipped', NULL, 198, 120, 10),
(10353, '2016-12-04', '2016-12-11', '2016-12-05', 'Shipped', NULL, 447, 101, 43),
(10354, '2016-12-04', '2016-12-10', '2016-12-05', 'Shipped', NULL, 323, 111, 41),
(10355, '2016-12-07', '2016-12-14', '2016-12-13', 'Shipped', NULL, 141, 108, 40),
(10356, '2016-12-09', '2016-12-15', '2016-12-12', 'Shipped', NULL, 250, 106, 60),
(10357, '2016-12-10', '2016-12-16', '2016-12-14', 'Shipped', NULL, 124, 107, 46),
(10358, '2016-12-10', '2016-12-16', '2016-12-16', 'Shipped', 'Customer requested that DHL is used for this shipping', 141, 117, 66),
(10359, '2016-12-15', '2016-12-23', '2016-12-18', 'Shipped', NULL, 353, 118, 37),
(10360, '2016-12-16', '2016-12-22', '2016-12-18', 'Shipped', NULL, 496, 116, 76),
(10361, '2016-12-17', '2016-12-24', '2016-12-20', 'Shipped', NULL, 282, 104, 43),
(10362, '2016-01-05', '2016-01-16', '2016-01-10', 'Shipped', NULL, 161, 117, 15),
(10363, '2016-01-06', '2016-01-12', '2016-01-10', 'Shipped', NULL, 334, 107, 67),
(10364, '2016-01-06', '2016-01-17', '2016-01-09', 'Shipped', NULL, 350, 106, 10),
(10365, '2016-01-07', '2016-01-18', '2016-01-11', 'Shipped', NULL, 320, 109, 19),
(10366, '2016-01-10', '2016-01-19', '2016-01-12', 'Shipped', NULL, 381, 105, 24),
(10367, '2016-01-12', '2016-01-21', '2016-01-16', 'Resolved', 'This order was disputed and resolved on 2/1/2005. Customer claimed that container with shipment was damaged. FedEx\'s investigation proved this wrong.', 205, 117, 67),
(10368, '2016-01-19', '2016-01-27', '2016-01-24', 'Shipped', 'Can we renegotiate this one?', 124, 103, 36),
(10369, '2016-01-20', '2016-01-28', '2016-01-24', 'Shipped', NULL, 379, 110, 44),
(10370, '2016-01-20', '2016-02-01', '2016-01-25', 'Shipped', NULL, 276, 118, 33),
(10371, '2016-01-23', '2016-02-03', '2016-01-25', 'Shipped', NULL, 124, 116, 67),
(10372, '2016-01-26', '2016-02-05', '2016-01-28', 'Shipped', NULL, 398, 103, 32),
(10373, '2016-01-31', '2016-02-08', '2016-02-06', 'Shipped', NULL, 311, 112, 58),
(10374, '2016-02-02', '2016-02-09', '2016-02-03', 'Shipped', NULL, 333, 106, 29),
(10375, '2016-02-03', '2016-02-10', '2016-02-06', 'Shipped', NULL, 119, 116, 75),
(10376, '2016-02-08', '2016-02-18', '2016-02-13', 'Shipped', NULL, 219, 117, 0),
(10377, '2016-02-09', '2016-02-21', '2016-02-12', 'Shipped', 'Cautious optimism. We have happy customers here, if we can keep them well stocked.  I need all the information I can get on the planned shippments of Porches', 186, 114, 28),
(10378, '2016-02-10', '2016-02-18', '2016-02-11', 'Shipped', NULL, 141, 121, 60),
(10379, '2016-02-10', '2016-02-18', '2016-02-11', 'Shipped', NULL, 141, 116, 25),
(10380, '2016-02-16', '2016-02-24', '2016-02-18', 'Shipped', NULL, 141, 118, 76),
(10381, '2016-02-17', '2016-02-25', '2016-02-18', 'Shipped', NULL, 321, 119, 40),
(10382, '2016-02-17', '2016-02-23', '2016-02-18', 'Shipped', 'Custom shipping instructions sent to warehouse', 124, 120, 55),
(10383, '2016-02-22', '2016-03-02', '2016-02-25', 'Shipped', NULL, 141, 119, 69),
(10384, '2016-02-23', '2016-03-06', '2016-02-27', 'Shipped', NULL, 321, 113, 25),
(10385, '2016-02-28', '2016-03-09', '2016-03-01', 'Shipped', NULL, 124, 107, 12),
(10386, '2016-03-01', '2016-03-09', '2016-03-06', 'Resolved', 'Disputed then Resolved on 3/15/2005. Customer doesn\'t like the craftsmaship of the models.', 141, 118, 75),
(10387, '2016-03-02', '2016-03-09', '2016-03-06', 'Shipped', 'We need to keep in close contact with their Marketing VP. He is the decision maker for all their purchases.', 148, 103, 9),
(10388, '2016-03-03', '2016-03-11', '2016-03-09', 'Shipped', NULL, 462, 103, 20),
(10389, '2016-03-03', '2016-03-09', '2016-03-08', 'Shipped', NULL, 448, 106, 42),
(10390, '2016-03-04', '2016-03-11', '2016-03-07', 'Shipped', 'They want to reevaluate their terms agreement with Finance.', 124, 121, 84),
(10391, '2016-03-09', '2016-03-20', '2016-03-15', 'Shipped', NULL, 276, 121, 61),
(10392, '2016-03-10', '2016-03-18', '2016-03-12', 'Shipped', NULL, 452, 121, 20),
(10393, '2016-03-11', '2016-03-22', '2016-03-14', 'Shipped', 'They want to reevaluate their terms agreement with Finance.', 323, 117, 44),
(10394, '2016-03-15', '2016-03-25', '2016-03-19', 'Shipped', NULL, 141, 101, 39),
(10395, '2016-03-17', '2016-03-24', '2016-03-23', 'Shipped', 'We must be cautions with this customer. Their VP of Sales resigned. Company may be heading down.', 250, 119, 25),
(10396, '2016-03-23', '2016-04-02', '2016-03-28', 'Shipped', NULL, 124, 101, 42),
(10397, '2016-03-28', '2016-04-09', '2016-04-01', 'Shipped', NULL, 242, 117, 7),
(10398, '2016-03-30', '2016-04-09', '2016-03-31', 'Shipped', NULL, 353, 116, 80),
(10399, '2016-04-01', '2016-04-12', '2016-04-03', 'Shipped', NULL, 496, 104, 43),
(10400, '2016-04-01', '2016-04-11', '2016-04-04', 'Shipped', 'Customer requested that DHL is used for this shipping', 450, 115, 47),
(10401, '2016-04-03', '2016-04-14', NULL, 'On Hold', 'Customer credit limit exceeded. Will ship when a payment is received.', 328, 118, 72),
(10402, '2016-04-07', '2016-04-14', '2016-04-12', 'Shipped', NULL, 406, 101, 23),
(10403, '2016-04-08', '2016-04-18', '2016-04-11', 'Shipped', NULL, 201, 118, 40),
(10404, '2016-04-08', '2016-04-14', '2016-04-11', 'Shipped', NULL, 323, 121, 57),
(10405, '2016-04-14', '2016-04-24', '2016-04-20', 'Shipped', NULL, 209, 105, 47),
(10406, '2016-04-15', '2016-04-25', '2016-04-21', 'Disputed', 'Customer claims container with shipment was damaged during shipping and some items were missing. I am talking to FedEx about this.', 145, 106, 22),
(10407, '2016-04-22', '2016-05-04', NULL, 'On Hold', 'Customer credit limit exceeded. Will ship when a payment is received.', 450, 116, 100),
(10408, '2016-04-22', '2016-04-29', '2016-04-27', 'Shipped', NULL, 398, 117, 3),
(10409, '2016-04-23', '2016-05-05', '2016-04-24', 'Shipped', NULL, 166, 115, 13),
(10410, '2016-04-29', '2016-05-10', '2016-04-30', 'Shipped', NULL, 357, 101, 65),
(10411, '2016-05-01', '2016-05-08', '2016-05-06', 'Shipped', NULL, 233, 105, 35),
(10412, '2016-05-03', '2016-05-13', '2016-05-05', 'Shipped', NULL, 141, 122, 79),
(10413, '2016-05-05', '2016-05-14', '2016-05-09', 'Shipped', 'Customer requested that DHL is used for this shipping', 175, 107, 22),
(10414, '2016-05-06', '2016-05-13', NULL, 'On Hold', 'Customer credit limit exceeded. Will ship when a payment is received.', 362, 113, 67),
(10415, '2016-05-09', '2016-05-20', '2016-05-12', 'Disputed', 'Customer claims the scales of the models don\'t match what was discussed. I keep all the paperwork though to prove otherwise', 471, 122, 22),
(10416, '2016-05-10', '2016-05-16', '2016-05-14', 'Shipped', NULL, 386, 106, 58),
(10417, '2016-05-13', '2016-05-19', '2016-05-19', 'Disputed', 'Customer doesn\'t like the colors and precision of the models.', 141, 104, 27),
(10418, '2016-05-16', '2016-05-24', '2016-05-20', 'Shipped', NULL, 412, 101, 47),
(10419, '2016-05-17', '2016-05-28', '2016-05-19', 'Shipped', NULL, 382, 114, 78),
(10420, '2016-05-29', '2016-06-07', NULL, 'In Process', NULL, 282, 101, 85),
(10421, '2016-05-29', '2016-06-06', NULL, 'In Process', 'Custom shipping instructions were sent to warehouse', 124, 109, 15),
(10422, '2016-05-30', '2016-06-11', NULL, 'In Process', NULL, 157, 117, 15),
(10423, '2016-05-30', '2016-06-05', NULL, 'In Process', NULL, 314, 112, 14),
(10424, '2016-05-31', '2016-06-08', NULL, 'In Process', NULL, 141, 112, 49),
(10425, '2016-05-31', '2016-06-07', NULL, 'In Process', NULL, 119, 120, 65);

-- --------------------------------------------------------

--
-- Table structure for table `platform`
--

CREATE TABLE `platform` (
  `platform` varchar(8) CHARACTER SET utf8 NOT NULL,
  `Description` varchar(200) DEFAULT NULL
) ENGINE=InnoDB DEFAULT CHARSET=latin1;

--
-- Dumping data for table `platform`
--

INSERT INTO `platform` (`platform`, `Description`) VALUES
('2600', 'Atari 2600'),
('3DS', 'Nintendo 3DS'),
('DS', 'Nintendo DS'),
('GB', 'Game Boy'),
('GBA', 'Game Boy Advance'),
('GC', 'Game Cube'),
('GEN', 'Sega Genesis'),
('N64', 'Nintendo 64'),
('NES', 'Nintendo Entertainment System'),
('PC', 'Personal Computer'),
('PS', 'Playstation 1'),
('PS2', 'Playstation 2'),
('PS3', 'Playstation 3'),
('PS4', 'Playstation 4'),
('PSP', 'Playstation Portable'),
('SNES', 'Super Nintendo Enternainment System'),
('Wii', 'Wii'),
('WiiU', 'Wii U'),
('X360', 'Xbox 360'),
('XB', 'Xbox'),
('XOne', 'Xbox one');

-- --------------------------------------------------------

--
-- Table structure for table `publisher`
--

CREATE TABLE `publisher` (
  `publisherid` int(11) NOT NULL,
  `name` varchar(39) DEFAULT NULL,
  `headquarters` varchar(40) DEFAULT NULL,
  `est` varchar(11) DEFAULT NULL
) ENGINE=InnoDB DEFAULT CHARSET=utf8;

--
-- Dumping data for table `publisher`
--

INSERT INTO `publisher` (`publisherid`, `name`, `headquarters`, `est`) VALUES
(7, '505 Games', 'Milan, Italy', '2006'),
(15, 'Activision', 'Santa Monica, California, USA', '1979'),
(28, 'Atari, Inc', 'Sunnyvale, California, USA', '1972'),
(44, 'Bethesda Softworks', 'Rockville, Maryland, USA', '1985'),
(65, 'Capcom', 'Osaka, Japan', '1979'),
(91, 'Eidos Interactive', 'London, England, UK', '1990'),
(94, 'Electronic Arts', 'Redwood City, California, USA', '1982'),
(122, 'GT Interactive', 'New York, USA', '1993'),
(160, 'Konami', 'Tokyo, Japan', '1969'),
(168, 'LucasArts', 'San Francisco, California, USA', '1982'),
(186, 'Microsoft Game Studios', 'Redmond, Washington, USA', '2002'),
(206, 'Nintendo', 'Kyoto, Japan', '1889'),
(258, 'Sega', 'Tokyo, Japan', '1940'),
(279, 'Sony Computer Entertainment', 'Tokyo, Japan', '1993'),
(291, 'Square Enix', 'Tokyo, Japan', '2003'),
(301, 'Take-Two Interactive', 'New York, New York, USA', '1993'),
(326, 'Ubisoft', 'Montreuil-sous-Bois, France', '1986'),
(362, 'Virgin Interactive', ' ', '1982'),
(363, 'Warner Bros. Interactive Entertainment', 'urbank', '1993'),
(364, 'Square Co. Ltd.', 'Tokio', '1983');

-- --------------------------------------------------------

--
-- Table structure for table `year`
--

CREATE TABLE `year` (
  `yearid` int(11) NOT NULL,
  `year` varchar(4) CHARACTER SET utf8 DEFAULT NULL
) ENGINE=InnoDB DEFAULT CHARSET=latin1;

--
-- Dumping data for table `year`
--

INSERT INTO `year` (`yearid`, `year`) VALUES
(1, '2006'),
(2, '1985'),
(3, '2008'),
(4, '2009'),
(5, '1996'),
(6, '1989'),
(7, '1984'),
(8, '2005'),
(9, '1999'),
(10, '2007'),
(11, '2010'),
(12, '2013'),
(13, '2004'),
(14, '1990'),
(15, '1988'),
(16, '2002'),
(17, '2001'),
(18, '2011'),
(19, '1998'),
(20, '2012'),
(21, '2015'),
(22, '1992'),
(23, '2014'),
(24, '1997'),
(25, '1993'),
(26, '1994'),
(27, '1982'),
(28, '2003'),
(29, '1986'),
(30, '2000'),
(31, 'N/A'),
(32, '1995');

--
-- Indexes for dumped tables
--

--
-- Indexes for table `customers`
--
ALTER TABLE `customers`
  ADD PRIMARY KEY (`customerNumber`),
  ADD KEY `salesRepEmployeeNumber` (`salesRepEmployeeNumber`);

--
-- Indexes for table `employee`
--
ALTER TABLE `employee`
  ADD PRIMARY KEY (`employeeid`);

--
-- Indexes for table `games`
--
ALTER TABLE `games`
  ADD PRIMARY KEY (`gameid`),
  ADD KEY `yearid` (`yearid`),
  ADD KEY `genreid` (`genreid`),
  ADD KEY `publishers` (`publisherid`),
  ADD KEY `Platform` (`Platform`);

--
-- Indexes for table `genre`
--
ALTER TABLE `genre`
  ADD PRIMARY KEY (`genreid`);

--
-- Indexes for table `orderdetails`
--
ALTER TABLE `orderdetails`
  ADD PRIMARY KEY (`orderNumber`,`gameid`),
  ADD KEY `gameid` (`gameid`);

--
-- Indexes for table `orders`
--
ALTER TABLE `orders`
  ADD PRIMARY KEY (`orderNumber`),
  ADD KEY `customerNumber` (`customerNumber`);

--
-- Indexes for table `platform`
--
ALTER TABLE `platform`
  ADD PRIMARY KEY (`platform`);

--
-- Indexes for table `publisher`
--
ALTER TABLE `publisher`
  ADD PRIMARY KEY (`publisherid`);

--
-- Indexes for table `year`
--
ALTER TABLE `year`
  ADD PRIMARY KEY (`yearid`);

--
-- AUTO_INCREMENT for dumped tables
--

--
-- AUTO_INCREMENT for table `employee`
--
ALTER TABLE `employee`
  MODIFY `employeeid` int(3) NOT NULL AUTO_INCREMENT, AUTO_INCREMENT=123;

--
-- AUTO_INCREMENT for table `genre`
--
ALTER TABLE `genre`
  MODIFY `genreid` int(11) NOT NULL AUTO_INCREMENT, AUTO_INCREMENT=13;

--
-- AUTO_INCREMENT for table `publisher`
--
ALTER TABLE `publisher`
  MODIFY `publisherid` int(11) NOT NULL AUTO_INCREMENT, AUTO_INCREMENT=365;

--
-- AUTO_INCREMENT for table `year`
--
ALTER TABLE `year`
  MODIFY `yearid` int(11) NOT NULL AUTO_INCREMENT, AUTO_INCREMENT=33;

--
-- Constraints for dumped tables
--

--
-- Constraints for table `genre`
--
ALTER TABLE `genre`
  ADD CONSTRAINT `genre_ibfk_1` FOREIGN KEY (`genreid`) REFERENCES `games` (`genreid`) ON DELETE CASCADE ON UPDATE CASCADE;

--
-- Constraints for table `orderdetails`
--
ALTER TABLE `orderdetails`
  ADD CONSTRAINT `orderdetails_ibfk_1` FOREIGN KEY (`orderNumber`) REFERENCES `orders` (`orderNumber`),
  ADD CONSTRAINT `orderdetails_ibfk_2` FOREIGN KEY (`gameid`) REFERENCES `games` (`gameid`);

--
-- Constraints for table `orders`
--
ALTER TABLE `orders`
  ADD CONSTRAINT `orders_ibfk_1` FOREIGN KEY (`customerNumber`) REFERENCES `customers` (`customerNumber`);

--
-- Constraints for table `platform`
--
ALTER TABLE `platform`
  ADD CONSTRAINT `platform_ibfk_1` FOREIGN KEY (`platform`) REFERENCES `games` (`Platform`);

--
-- Constraints for table `publisher`
--
ALTER TABLE `publisher`
  ADD CONSTRAINT `publisher_ibfk_1` FOREIGN KEY (`publisherid`) REFERENCES `games` (`publisherid`);

--
-- Constraints for table `year`
--
ALTER TABLE `year`
  ADD CONSTRAINT `year_ibfk_1` FOREIGN KEY (`yearid`) REFERENCES `games` (`yearid`) ON DELETE CASCADE ON UPDATE CASCADE;
COMMIT;

/*!40101 SET CHARACTER_SET_CLIENT=@OLD_CHARACTER_SET_CLIENT */;
/*!40101 SET CHARACTER_SET_RESULTS=@OLD_CHARACTER_SET_RESULTS */;
/*!40101 SET COLLATION_CONNECTION=@OLD_COLLATION_CONNECTION */;
